group,names,scores,logfoldchanges,pvals,pvals_adj,pct_nz_group,pct_nz_reference
0,lncRNA:mimi,47.14738,1.0279338,0.0,0.0,0.9972947541754881,0.9562793691663984
0,toy,39.33306,1.7669141,0.0,0.0,0.45248176899553044,0.22897972320566462
0,VAChT,39.273273,1.1827394,0.0,0.0,0.6410256410256411,0.46648213710975217
0,ct,39.261753,1.3379185,0.0,0.0,0.6870148200423429,0.47490183456710655
0,scrt,34.98644,0.5865796,3.61740876162976e-268,8.818519079101029e-265,0.8836744295459892,0.8423817186997103
1,CG8369,70.36161,4.9127827,0.0,0.0,0.8207133917396746,0.18278883117822153
1,lncRNA:CR34335,68.91393,2.6649578,0.0,0.0,0.9968710888610763,0.9732227859389498
1,MtnA,53.841194,3.3804264,0.0,0.0,0.7346683354192741,0.29603162169653296
1,nrv2,53.523045,3.7712297,0.0,0.0,0.6648936170212766,0.15830129788746822
1,CG1552,50.683357,4.3731833,0.0,0.0,0.5876095118898623,0.0750774273628903
10,nAChRalpha6,63.94295,4.4044867,0.0,0.0,0.9993160054719562,0.690385409903795
10,sosie,61.342052,7.713507,0.0,0.0,0.9521203830369357,0.0588325562179071
10,beat-Ic,53.26198,4.2999625,0.0,0.0,0.9110807113543091,0.3431859765094729
10,acj6,45.991634,4.796656,0.0,0.0,0.7790697674418605,0.120887682228649
10,CG9896,43.67973,4.8366356,0.0,0.0,0.7250341997264022,0.11340376556690078
11,Imp,62.05249,3.5217595,0.0,0.0,0.8268469656992085,0.16620362018161045
11,futsch,52.413383,1.5383897,0.0,0.0,0.9864775725593667,0.8306091767394311
11,sesB,47.39738,1.350174,0.0,0.0,0.9647097625329816,0.8294906488664382
11,mbl,44.44789,2.247705,0.0,0.0,0.8459762532981531,0.4989476216248722
11,mamo,43.93806,2.023854,0.0,0.0,0.9281002638522428,0.5605147633652053
12,mub,95.4835,3.350487,0.0,0.0,0.9913657770800628,0.7482727217533848
12,jdp,95.344795,4.0493555,0.0,0.0,0.9911041339612768,0.6153846153846154
12,Pka-C1,93.143486,3.3552096,0.0,0.0,0.9730507587650444,0.6455345759213162
12,14-3-3zeta,90.59724,1.7886243,0.0,0.0,0.9958137100994244,0.9379029809969036
12,Pka-R2,88.88668,4.059751,0.0,0.0,0.9338042909471481,0.39564082326513267
13,CG14989,144.76945,6.0413537,0.0,0.0,0.9899704391891891,0.48316276644286554
13,Gad1,135.47008,5.385749,0.0,0.0,0.9206081081081081,0.14643113225995696
13,CG10804,62.17031,1.8789879,0.0,0.0,0.6786317567567568,0.3329639528062056
13,CG32017,58.812473,1.5498173,0.0,0.0,0.7934966216216216,0.5132259956978033
13,hth,53.489433,1.6041534,0.0,0.0,0.7141047297297297,0.46420702692132193
14,dths,42.16876,3.5802386,0.0,0.0,0.9462486002239642,0.5656160592842737
14,cpx,40.40106,1.9218014,0.0,0.0,0.9944008958566629,0.933739036630552
14,CG18598,35.28817,6.0568886,8.918485926102736e-273,2.717685623831656e-269,0.7122060470324748,0.044744617982271
14,CG31345,31.507618,4.415549,6.831484788240595e-218,1.387816134731077e-214,0.6808510638297872,0.13364757750574552
14,Abl,30.669823,2.28498,1.4382171643950504e-206,1.9478254463123633e-203,0.8409854423292273,0.5247643168706909
15,SoxN,69.094604,4.5266366,0.0,0.0,0.9522737505628095,0.3313164038305779
15,CG42750,67.79858,4.0059047,0.0,0.0,0.9320126069338136,0.4087974653389871
15,acj6,55.71675,4.5511236,0.0,0.0,0.7874831157136425,0.11471485063604746
15,Ten-a,55.329815,1.9243848,0.0,0.0,0.9680324178298064,0.8117108961837153
15,CNMaR,49.669357,5.012292,0.0,0.0,0.6596127870328681,0.06963171184906379
16,pros,65.92934,2.2430484,0.0,0.0,0.9653179190751445,0.7891988265641596
16,VAChT,42.397484,1.3854039,0.0,0.0,0.7421401381643874,0.4605229882150625
16,acj6,42.196457,2.5822265,0.0,0.0,0.4080078951078528,0.10730362652369632
16,Hs3st-A,41.38997,1.1796502,0.0,0.0,0.8061469053996898,0.5975039198826564
16,futsch,40.74163,0.8960864,0.0,0.0,0.9454391653743127,0.8262859744069597
17,ct,62.362793,2.939456,0.0,0.0,0.9269366197183099,0.478077541108386
17,Rbp6,52.743896,1.4421482,0.0,0.0,0.9598004694835681,0.8634150466962268
17,Jhbp2,49.575676,3.834695,0.0,0.0,0.6097417840375586,0.13535260786043085
17,Cbp53E,41.39587,1.7832608,0.0,0.0,0.8594483568075117,0.5866205946670855
17,scrt,40.797302,1.0368936,0.0,0.0,0.9234154929577465,0.8432867377883024
18,Rbp6,58.9183,2.1761017,0.0,0.0,0.9964964964964965,0.86415851934568
18,Cbp53E,54.88437,2.943079,0.0,0.0,0.9654654654654654,0.5886741348792455
18,ct,49.935715,3.0229068,0.0,0.0,0.9594594594594594,0.48482400598724146
18,Pka-C3,46.999767,4.404126,0.0,0.0,0.6901901901901902,0.11328241010228204
18,CG31221,46.999607,2.5846484,0.0,0.0,0.960960960960961,0.7376899226647976
19,CG1552,37.959877,8.190833,0.0,0.0,0.967680608365019,0.08872050530641791
19,nrv2,37.956768,6.918402,0.0,0.0,0.9752851711026616,0.17218713149875658
19,CG8369,37.88836,7.5190206,0.0,0.0,0.9752851711026616,0.201725607406802
19,lncRNA:CR34335,36.587177,3.9854503,4.5738752465265224e-293,1.3937741344977945e-289,1.0,0.973940759594167
19,CG4409,36.432037,8.061034,1.3243802878857894e-290,3.228574265807977e-287,0.9315589353612167,0.05459364163874327
2,CG9394,20.689371,10.585282,4.3180514018802675e-95,5.263272853751858e-91,1.0,0.044331310877095104
2,CG1552,20.630974,9.313252,1.4470406204802462e-94,8.81898906151686e-91,1.0,0.09257967780179929
2,Gs2,20.585672,8.688793,3.688776599539005e-94,1.4987499323926977e-90,1.0,0.11431527070692982
2,CG42342,20.049692,5.8292236,2.031011567630995e-89,6.18899999946355e-86,0.986013986013986,0.4131389915614757
2,CG31705,19.682547,8.614496,3.043205872041204e-86,7.418727274862047e-83,0.958041958041958,0.040332891647488205
20,CG14989,56.618332,5.4452567,0.0,0.0,0.9993514915693904,0.5304779346606014
20,Octbeta1R,47.901024,4.1571417,0.0,0.0,0.8086900129701686,0.21730962367814735
20,Bx,44.84139,3.917903,0.0,0.0,0.7801556420233463,0.2181367046730076
20,cpx,36.756893,1.2352508,9.022426116860016e-296,1.8329058656401124e-292,0.9941634241245136,0.9332781946003427
20,Gad1,35.566456,3.1938174,4.625766879399518e-277,8.054781784714388e-274,0.7185473411154345,0.22265020381638803
21,Pdh,34.838394,8.809953,6.382074113640123e-266,7.779110137115946e-262,0.9409282700421941,0.06955415796413195
21,fabp,31.502768,6.3707347,7.960711762600537e-218,4.851655783716897e-214,0.890295358649789,0.20183657514906128
21,pkm,29.426725,8.60294,2.499914901214718e-190,1.01571542436354e-186,0.7911392405063291,0.02128280223562769
21,se,24.850357,7.59273,2.563002592375401e-136,7.81010964961594e-133,0.6708860759493671,0.018085714619091513
21,CG6870,23.896555,8.506098,3.3259972910990374e-126,8.108116196241233e-123,0.6413502109704642,0.011248147672776916
22,beat-IIa,49.39848,4.445973,0.0,0.0,0.9178662150719729,0.3351098875241188
22,Con,46.799335,3.4422388,0.0,0.0,0.9483488569009314,0.5054002541296061
22,nAChRalpha7,45.41329,3.2302973,0.0,0.0,0.9271803556308214,0.5526377711892324
22,acj6,42.779427,4.7454534,0.0,0.0,0.8145639288738358,0.12257047390465434
22,ct,38.880657,3.0344765,0.0,0.0,0.934801016088061,0.48972892842016097
23,CG43795,30.771675,4.3324227,6.273024297415794e-208,7.64618931612011e-204,0.8821292775665399,0.19869003280755623
23,CG42342,30.324392,3.4288561,5.468422139401277e-202,3.3327298728581083e-198,0.9315589353612167,0.41091172315559654
23,hth,28.341242,3.2389615,1.0732054526594618e-176,3.270325315616545e-173,0.9315589353612167,0.4889726915038937
23,CG42674,27.643461,3.5660696,3.3445290756250194e-168,8.153292980558672e-165,0.8536121673003803,0.26946562211766356
23,Eip63F-1,27.4411,3.9107397,8.872888883165757e-166,1.8025273766151236e-162,0.8022813688212928,0.19624989784123945
24,Jhbp2,73.144455,7.645747,0.0,0.0,0.995822454308094,0.13498374118819872
24,Eaat1,72.95216,8.524105,0.0,0.0,0.9806788511749347,0.040730103724098646
24,CG15522,71.19627,7.3799386,0.0,0.0,0.9624020887728459,0.06121383304455152
24,witty,69.916794,7.4883833,0.0,0.0,0.9472584856396867,0.045227979397593224
24,Octbeta2R,69.69685,4.3617535,0.0,0.0,0.9838120104438642,0.4468799696185706
25,lncRNA:CR34335,46.978672,4.527602,0.0,0.0,1.0,0.9738503895495284
25,Oda,44.43586,3.7689843,0.0,0.0,0.975669099756691,0.7100931404135669
25,CG3168,43.788445,8.522744,0.0,0.0,0.8941605839416058,0.033073633647706636
25,MtnA,43.399963,5.5491548,0.0,0.0,0.9476885644768857,0.3061800714662293
25,eEF1alpha1,42.46383,4.404573,0.0,0.0,0.9367396593673966,0.3656024837443618
26,Arr2,34.926907,9.473811,2.903690027189138e-267,3.5393077741408405e-263,0.9684684684684685,0.1338924334853557
26,Arr1,34.062286,9.81247,2.670216162581133e-254,1.6273632402850716e-250,0.9414414414414415,0.04297061808171882
26,ninaE,30.715155,8.243663,3.5720602520194385e-207,1.4513280803954978e-203,0.8806306306306306,0.1730022278469201
26,trpl,29.971037,8.970539,2.3410028122104228e-197,7.133620819508211e-194,0.8288288288288288,0.01714625640068585
26,ninaC,29.102917,9.168277,3.2974455664931364e-186,8.038512801996968e-183,0.8040540540540541,0.012445616040497825
27,VGlut1,30.704952,4.837978,4.888142124437519e-207,5.958156435476892e-203,0.9935344827586207,0.35219861631257804
27,Argk1,28.858719,2.3151588,3.938750864611076e-183,2.4004717144372206e-179,0.978448275862069,0.7879551526606232
27,Fim,28.677225,3.0574045,7.338937565344115e-181,2.9818103327993145e-177,0.9461206896551724,0.4685986956471014
27,CG34384,27.13454,3.5073464,3.854325265284841e-162,1.174509266463923e-158,0.8836206896551724,0.3013895208428126
27,lncRNA:CR45312,25.364052,3.572755,6.289247998918242e-142,1.533192877176289e-138,0.8469827586206896,0.22512337685065276
28,jdp,32.179417,4.2521186,3.425910986580784e-227,4.175842901543318e-223,0.9929742388758782,0.6302507288629737
28,14-3-3zeta,31.649923,1.9734775,7.601808392575462e-220,4.632922124855115e-216,0.9953161592505855,0.940198250728863
28,Tomosyn,29.191805,3.015261,2.464090694508598e-187,1.0011600491788433e-183,0.9882903981264637,0.6429620991253644
28,Nep1,29.1089,6.3045726,2.7698654132971826e-186,8.44047238066984e-183,0.8430913348946136,0.04331195335276968
28,CG14989,28.54976,5.191897,2.8282798069375542e-179,6.894780513352369e-176,1.0,0.5365714285714286
29,VGlut1,24.997644,4.713828,6.484703389271267e-138,7.904204961182747e-134,0.9870967741935484,0.3533720754189619
29,CG43689,21.419008,4.854174,8.88619659180017e-102,5.415692512872614e-98,0.7741935483870968,0.07709597400631209
29,Lmx1a,19.635504,6.0842996,7.691488985468456e-86,3.125051974795834e-82,0.6645161290322581,0.025388100201474372
29,disco-r,19.176594,4.873779,5.806251809190004e-82,1.769310082555424e-78,0.6774193548387096,0.04901766685688332
29,Ggamma30A,18.892994,1.643251,1.3024718349129083e-79,3.1751658391506876e-76,0.9935483870967742,0.8913668813397464
3,vvl,45.614845,5.496252,0.0,0.0,0.8710601719197708,0.14806766122401033
3,nAChRalpha6,26.500603,1.6455941,9.538749240425712e-155,3.875593816384967e-151,0.8691499522445081,0.6934923058851169
3,CG42541,25.925207,1.9654692,3.462265089138255e-148,7.033591528584365e-145,0.8213944603629417,0.5903794197110301
3,pyd,24.25584,3.1866028,5.73749646253971e-130,6.993434438189652e-127,0.5530085959885387,0.21629272876776695
3,Cph,23.76404,2.717304,7.86645854173211e-125,8.71675119683388e-122,0.5807067812798472,0.2351814871373194
4,VGlut1,108.87281,4.5561275,0.0,0.0,0.901232931194485,0.30331663148256477
4,cpx,65.57948,1.0502353,0.0,0.0,0.9741482168898317,0.930551669761172
4,CG34355,40.83013,1.8802128,0.0,0.0,0.4759379557205356,0.240697408245797
4,CG32017,37.775394,1.0929943,0.0,0.0,0.6645896858014053,0.5324668718366101
4,Bacc,37.16669,0.4767075,2.356834376043001e-302,2.611586746326195e-299,0.9436563701445049,0.9335020474603861
5,lncRNA:CR34335,32.227646,2.7309809,7.237500434123146e-228,8.821789279152703e-224,0.9942446043165467,0.9739360333169557
5,CG13631,25.875399,5.2943373,1.2602396744898047e-147,5.120353797452077e-144,0.6129496402877698,0.06938302800589598
5,eEF1alpha1,24.608223,2.9157934,1.0314490340937033e-133,2.0953887127613584e-130,0.739568345323741,0.36805409325939964
5,CG15201,21.82213,4.471976,1.4303818417308553e-105,7.580401856024956e-103,0.5798561151079137,0.16300507709225334
5,CG42489,21.128696,7.3074102,4.333411429888294e-99,1.8213776523761521e-96,0.4719424460431655,0.01110175241571325
6,VGlut1,90.692154,3.339526,0.0,0.0,0.7875012167818554,0.2972043634064081
6,IA-2,76.352425,1.45703,0.0,0.0,0.984619877348389,0.9060655564924115
6,CG2269,70.76552,1.5818856,0.0,0.0,0.8810474058210844,0.6735349915682968
6,lncRNA:mimi,70.250404,1.2819965,0.0,0.0,0.9971770660955904,0.9553383220910624
6,bru3,67.72277,1.7999375,0.0,0.0,0.8385087121580843,0.5457024662731872
7,CG31221,84.511734,2.3206728,0.0,0.0,0.9578273349525281,0.7176182263774167
7,IA-2,80.46139,1.5988774,0.0,0.0,0.9928240229631266,0.9063395531581063
7,lncRNA:Hsromega,80.28179,1.4102354,0.0,0.0,0.9938176197836167,0.9368897418275652
7,jeb,79.642876,2.3865151,0.0,0.0,0.8180613822035769,0.43758347488945654
7,bru3,72.75023,2.0319376,0.0,0.0,0.8928019430337822,0.5439385884153062
8,Vmat,61.796803,8.2365885,0.0,0.0,0.8389963408259279,0.05132678249311687
8,ple,46.453926,7.994348,0.0,0.0,0.6272869837950863,0.013896800531662394
8,DAT,44.056095,7.159797,0.0,0.0,0.6006272869837951,0.024138422101965252
8,CG42342,26.578548,1.7030092,1.201761686803714e-155,3.6620683001126174e-152,0.694720334553058,0.40771859868983196
8,bru3,25.734278,1.4911337,4.834555157021708e-146,1.178567856178752e-142,0.8478829064296916,0.574539542390582
9,disco,52.313892,5.9857697,0.0,0.0,0.7509859154929578,0.04028340560650222
9,disco-r,47.42066,5.710703,0.0,0.0,0.683943661971831,0.037973033814364586
9,CG31221,33.79908,1.9631165,2.0344700336364546e-250,8.266051746664915e-247,0.9509859154929577,0.7384896092509656
9,Dop2R,28.282614,1.7190675,5.655320629084931e-176,1.7233175786979057e-172,0.9301408450704225,0.7189877017132296
9,eys,23.117018,1.6110086,3.1222338331084065e-118,7.611381638351673e-115,0.6416901408450705,0.3766498424207957
