Gene_set,Term,Overlap,P-value,Adjusted P-value,Old P-value,Old Adjusted P-value,Z-score,Combined Score,Genes
KEGG_2019,Oxidative phosphorylation,5/144,0.0001217435647544,0.0023131277303345,0.0003130610439159,0.0059481598344035,-1.4284956754624456,12.87587955457874,ND-18;ND-AGGG;VhaM9.7-a;SdhB;sun
GO_Biological_Process_2018,cold acclimation (GO:0009631),2/9,0.0003920062548359,0.0579403109155661,0.0010784355233322,0.1529152483080254,-3.8630426606286448,30.302605799842784,Hsp26;Hsp23
GO_Biological_Process_2018,phospholipase C-activating G-protein coupled receptor signaling pathway (GO:0007200),2/10,0.0004889477714393,0.0579403109155661,0.0012904240363546,0.1529152483080254,-3.153435297716551,24.03944102544384,ninaE;mtt
GO_Biological_Process_2018,modulation of chemical synaptic transmission (GO:0050804),3/70,0.0016755873262825,0.1320159335623569,0.0043221801634259,0.2131655172564429,-1.5409975518251071,9.849426904016736,Mctp;mtt;cdm
GO_Biological_Process_2018,phototaxis (GO:0042331),2/21,0.0022281170221494,0.1320159335623569,0.0047935615297377,0.2131655172564429,-2.660920707293529,16.249174226525042,ninaE;cdm
GO_Biological_Process_2018,negative regulation of peptidyl-tyrosine phosphorylation (GO:0050732),1/6,0.0199348836683841,0.1373074090075701,0.0314227931465228,0.2131655172564429,-3.582205648440348,14.025352939032578,pcs
GO_Biological_Process_2018,secretory granule organization (GO:0033363),1/7,0.0232190870697698,0.1373074090075701,0.0358326552238642,0.2131655172564429,-3.817281862408378,14.363594213072524,Arl1
GO_Biological_Process_2018,protein localization to Golgi apparatus (GO:0034067),1/7,0.0232190870697698,0.1373074090075701,0.0358326552238642,0.2131655172564429,-4.980016333823503,18.738708948357303,Arl1
GO_Biological_Process_2018,muscle organ morphogenesis (GO:0048644),1/8,0.0264924488051041,0.1373074090075701,0.040222994764463,0.2131655172564429,-3.75588295954814,13.637218676620709,pcs
GO_Biological_Process_2018,dsRNA transport (GO:0033227),2/27,0.0036762240357159,0.1373074090075701,0.0075619744728939,0.2131655172564429,-2.42471213420915,13.592618904312056,Arl1;Bet3
GO_Biological_Process_2018,regulation of cell motility (GO:2000145),1/8,0.0264924488051041,0.1373074090075701,0.040222994764463,0.2131655172564429,-3.6395275728386576,13.214744422270972,Arl1
GO_Biological_Process_2018,negative regulation of compound eye retinal cell programmed cell death (GO:0046673),1/9,0.0297550041255553,0.1373074090075701,0.044593895737092,0.2131655172564429,-3.736391199210122,13.132510691291966,ninaE
GO_Biological_Process_2018,negative regulation of protein tyrosine kinase activity (GO:0061099),1/7,0.0232190870697698,0.1373074090075701,0.0358326552238642,0.2131655172564429,-3.4545945509065685,12.998881426221756,pcs
GO_Biological_Process_2018,folic acid-containing compound metabolic process (GO:0006760),1/9,0.0297550041255553,0.1373074090075701,0.044593895737092,0.2131655172564429,-3.64671140254176,12.817307912528026,CG5412
GO_Biological_Process_2018,behavioral response to starvation (GO:0042595),1/8,0.0264924488051041,0.1373074090075701,0.040222994764463,0.2131655172564429,-3.8396032560387625,13.94119832753387,Hsp27
GO_Biological_Process_2018,peptidyl-asparagine modification (GO:0018196),1/7,0.0232190870697698,0.1373074090075701,0.0358326552238642,0.2131655172564429,-3.89363689924875,14.650901465937356,FucT6
GO_Biological_Process_2018,negative regulation of retinal cell programmed cell death (GO:0046671),1/9,0.0297550041255553,0.1373074090075701,0.044593895737092,0.2131655172564429,-3.5897112762844925,12.616966265315924,ninaE
GO_Biological_Process_2018,muscle cell fate specification (GO:0042694),1/9,0.0297550041255553,0.1373074090075701,0.044593895737092,0.2131655172564429,-3.5872420434084145,12.608287509421404,pcs
GO_Biological_Process_2018,positive regulation of cysteine-type endopeptidase activity (GO:2001056),1/10,0.0330067881609823,0.1373074090075701,0.0489454417582897,0.2131655172564429,-3.567984816481838,12.17054619576015,Cyt-c-p
GO_Biological_Process_2018,regulation of vesicle-mediated transport (GO:0060627),2/34,0.0057877100954484,0.1373074090075701,0.0115026669677342,0.2131655172564429,-2.4110625339417555,12.421838920907836,Rab21;Arl1
GO_Biological_Process_2018,"regulation of synaptic transmission, glutamatergic (GO:0051966)",1/9,0.0297550041255553,0.1373074090075701,0.044593895737092,0.2131655172564429,-3.4241372632297544,12.035013685751684,mtt
GO_Biological_Process_2018,regulation of autophagosome maturation (GO:1901096),1/6,0.0199348836683841,0.1373074090075701,0.0314227931465228,0.2131655172564429,-3.059111572397349,11.977291002662602,Rab21
GO_Biological_Process_2018,glutamate receptor signaling pathway (GO:0007215),1/9,0.0297550041255553,0.1373074090075701,0.044593895737092,0.2131655172564429,-3.151951817543976,11.078347725228545,mtt
GO_Biological_Process_2018,"mitochondrial electron transport, succinate to ubiquinone (GO:0006121)",1/10,0.0330067881609823,0.1373074090075701,0.0489454417582897,0.2131655172564429,-3.5521953036200573,12.11668750364768,SdhB
GO_Biological_Process_2018,response to lipid (GO:0033993),1/9,0.0297550041255553,0.1373074090075701,0.044593895737092,0.2131655172564429,-2.6039658279520874,9.152309608953402,CG5412
GO_Biological_Process_2018,positive regulation of organelle organization (GO:0010638),1/10,0.0330067881609823,0.1373074090075701,0.0489454417582897,0.2131655172564429,-3.0215815858898942,10.306741807155992,Rab21
GO_Biological_Process_2018,negative regulation of imaginal disc growth (GO:0045571),1/10,0.0330067881609823,0.1373074090075701,0.0489454417582897,0.2131655172564429,-2.857659725391179,9.747597450240898,lig
GO_Biological_Process_2018,regulation of eye photoreceptor cell development (GO:0042478),1/10,0.0330067881609823,0.1373074090075701,0.0489454417582897,0.2131655172564429,-2.772352245829391,9.456610051400354,Dlip3
GO_Biological_Process_2018,regulation of G-protein coupled receptor protein signaling pathway (GO:0008277),1/8,0.0264924488051041,0.1373074090075701,0.040222994764463,0.2131655172564429,-2.0491533172090435,7.440261634793966,sun
GO_Biological_Process_2018,rhabdomere development (GO:0042052),2/43,0.0091374550059954,0.1373074090075701,0.0176195602390302,0.2131655172564429,-1.7378164865848729,8.15969726699978,ninaE;capt
GO_Biological_Process_2018,regulation of cysteine-type endopeptidase activity involved in apoptotic process (GO:0043281),1/9,0.0297550041255553,0.1373074090075701,0.044593895737092,0.2131655172564429,-3.635168325349689,12.77673679013931,Cyt-c-p
GO_Biological_Process_2018,G-protein coupled glutamate receptor signaling pathway (GO:0007216),1/7,0.0232190870697698,0.1373074090075701,0.0358326552238642,0.2131655172564429,-3.682349518183468,13.855873403207452,mtt
GO_Biological_Process_2018,Ras protein signal transduction (GO:0007265),2/85,0.0330233009005548,0.1373074090075701,0.0591472302699083,0.2131655172564429,-1.317802382998203,4.494420215175187,Rab21;CRMP
GO_Biological_Process_2018,respiratory electron transport chain (GO:0022904),2/77,0.0275309365362062,0.1373074090075701,0.0498175693884187,0.2131655172564429,-1.206043768819707,4.33264583671157,Cyt-c-p;SdhB
GO_Biological_Process_2018,intracellular protein transport (GO:0006886),3/173,0.0203423028590571,0.1373074090075701,0.0451665591869229,0.2131655172564429,-1.1011543251329885,4.289054101379291,Rab21;Arl1;cdm
GO_Biological_Process_2018,compound eye photoreceptor development (GO:0042051),2/78,0.0281953105757995,0.1373074090075701,0.0509516939747632,0.2131655172564429,-1.3295743487434677,4.744718497744246,ninaE;capt
GO_Biological_Process_2018,detection of UV (GO:0009589),1/7,0.0232190870697698,0.1373074090075701,0.0358326552238642,0.2131655172564429,-1.3786898091929118,5.187707295067651,ninaE
GO_Biological_Process_2018,mitochondrial ATP synthesis coupled electron transport (GO:0042775),2/72,0.0243072905966081,0.1373074090075701,0.0442911862294271,0.2131655172564429,-1.304110598370138,4.847351641416826,Cyt-c-p;SdhB
GO_Biological_Process_2018,response to light stimulus (GO:0009416),2/62,0.0183714159415143,0.1373074090075701,0.0340027501517684,0.2131655172564429,-1.4099353041247504,5.63545403145069,ninaE;cdm
GO_Biological_Process_2018,mesoderm development (GO:0007498),2/83,0.03161268753209,0.1373074090075701,0.0567608334344966,0.2131655172564429,-1.1588468867293689,4.002885132262654,flw;pcs
GO_Biological_Process_2018,negative regulation of photoreceptor cell differentiation (GO:0046533),1/8,0.0264924488051041,0.1373074090075701,0.040222994764463,0.2131655172564429,-1.5226975060838552,5.5287555795691645,Dlip3
GO_Biological_Process_2018,positive regulation of ecdysteroid metabolic process (GO:0045966),1/7,0.0232190870697698,0.1373074090075701,0.0358326552238642,0.2131655172564429,-3.98267884958502,14.985946791032587,eIF4EHP
GO_Biological_Process_2018,positive regulation of steroid hormone biosynthetic process (GO:0090031),1/7,0.0232190870697698,0.1373074090075701,0.0358326552238642,0.2131655172564429,-3.969569461876994,14.936619041024333,eIF4EHP
GO_Biological_Process_2018,regulation of ecdysteroid biosynthetic process (GO:0007554),1/7,0.0232190870697698,0.1373074090075701,0.0358326552238642,0.2131655172564429,-3.971892827522873,14.945361356249895,eIF4EHP
GO_Biological_Process_2018,detection of light stimulus (GO:0009583),1/8,0.0264924488051041,0.1373074090075701,0.040222994764463,0.2131655172564429,-4.162028240587967,15.111889765062728,ninaE
GO_Biological_Process_2018,negative gravitaxis (GO:0048060),1/7,0.0232190870697698,0.1373074090075701,0.0358326552238642,0.2131655172564429,-4.365520101923613,16.42649443588129,Clic
GO_Biological_Process_2018,negative regulation of protein kinase activity (GO:0006469),1/10,0.0330067881609823,0.1373074090075701,0.0489454417582897,0.2131655172564429,-2.4809022176763413,8.46246175373751,pcs
GO_Biological_Process_2018,pyrimidine nucleobase biosynthetic process (GO:0019856),1/9,0.0297550041255553,0.1373074090075701,0.044593895737092,0.2131655172564429,-4.170357798129286,14.65779824714916,CRMP
GO_Biological_Process_2018,optomotor response (GO:0071632),1/6,0.0199348836683841,0.1373074090075701,0.0314227931465228,0.2131655172564429,-3.986919641168831,15.609923213453706,ninaE
GO_Biological_Process_2018,'de novo' pyrimidine nucleobase biosynthetic process (GO:0006207),1/9,0.0297550041255553,0.1373074090075701,0.044593895737092,0.2131655172564429,-4.440214988919772,15.606280955257256,CRMP
GO_Biological_Process_2018,protein N-linked glycosylation via asparagine (GO:0018279),1/7,0.0232190870697698,0.1373074090075701,0.0358326552238642,0.2131655172564429,-4.160534692812573,15.655179311088794,FucT6
GO_Biological_Process_2018,muscle tissue development (GO:0060537),1/6,0.0199348836683841,0.1373074090075701,0.0314227931465228,0.2131655172564429,-4.613123846097018,18.06169060147288,flw
GO_Biological_Process_2018,copulation (GO:0007620),1/7,0.0232190870697698,0.1373074090075701,0.0358326552238642,0.2131655172564429,-4.605108838380425,17.3280142901991,lig
GO_Biological_Process_2018,positive regulation of ecdysteroid biosynthetic process (GO:0045998),1/7,0.0232190870697698,0.1373074090075701,0.0358326552238642,0.2131655172564429,-4.57476905524419,17.21385234219808,eIF4EHP
GO_Biological_Process_2018,oxidative phosphorylation (GO:0006119),1/8,0.0264924488051041,0.1373074090075701,0.040222994764463,0.2131655172564429,-4.82320477761579,17.512552702755546,Cyt-c-p
GO_Biological_Process_2018,tetrahydrofolate metabolic process (GO:0046653),1/8,0.0264924488051041,0.1373074090075701,0.040222994764463,0.2131655172564429,-4.923123675958448,17.875347784844525,CG5412
GO_Biological_Process_2018,regulation of cytokinetic process (GO:0032954),1/6,0.0199348836683841,0.1373074090075701,0.0314227931465228,0.2131655172564429,-3.840550859300151,15.036847844132488,flw
GO_Biological_Process_2018,RNA transport (GO:0050658),2/52,0.0131611242110216,0.1373074090075701,0.0248273054639183,0.2131655172564429,-2.0147965371532384,8.725052086281616,Arl1;Bet3
GO_Molecular_Function_2018,metal ion binding (GO:0046872),3/107,0.0055639657411678,0.1423989483151577,0.0142720781741171,0.2199755696772863,-1.2785688557325996,6.637618822026274,Clic;Mctp;Nca
GO_Molecular_Function_2018,ubiquinone binding (GO:0048039),1/8,0.0264924488051041,0.1423989483151577,0.0414618450234676,0.2199755696772863,-1.6171918510987509,5.87185467518827,SdhB
GO_Molecular_Function_2018,succinate dehydrogenase (ubiquinone) activity (GO:0008177),1/8,0.0264924488051041,0.1423989483151577,0.0414618450234676,0.2199755696772863,-1.4691180923857918,5.334214325479201,SdhB
GO_Molecular_Function_2018,transcription coactivator activity (GO:0003713),2/63,0.0189332325314564,0.1423989483151577,0.0368018820661734,0.2199755696772863,-1.351139228966174,5.359748499193183,Dlip3;MED21
GO_Molecular_Function_2018,G-protein coupled photoreceptor activity (GO:0008020),1/9,0.0297550041255553,0.1423989483151577,0.0459650444101792,0.2199755696772863,-1.558551937266238,5.477932820152658,ninaE
GO_Molecular_Function_2018,calcium ion binding (GO:0005509),3/84,0.0028210074454422,0.1423989483151577,0.0075311041169697,0.2199755696772863,-1.252012548031395,7.350141497248883,Clic;Mctp;Nca
GO_Molecular_Function_2018,succinate dehydrogenase activity (GO:0000104),1/8,0.0264924488051041,0.1423989483151577,0.0414618450234676,0.2199755696772863,-1.6588647777423806,6.023164718566811,SdhB
GO_Molecular_Function_2018,NADH dehydrogenase (quinone) activity (GO:0050136),1/8,0.0264924488051041,0.1423989483151577,0.0414618450234676,0.2199755696772863,-3.1386007295071594,11.395931382281352,ND-18
GO_Molecular_Function_2018,"oxidoreductase activity, acting on the CH-CH group of donors, quinone or related compound as acceptor (GO:0016635)",1/9,0.0297550041255553,0.1423989483151577,0.0459650444101792,0.2199755696772863,-3.421569457896232,12.02598847152819,SdhB
GO_Molecular_Function_2018,"2 iron, 2 sulfur cluster binding (GO:0051537)",1/9,0.0297550041255553,0.1423989483151577,0.0459650444101792,0.2199755696772863,-3.461324733374432,12.165718642277731,SdhB
GO_Molecular_Function_2018,protein kinase inhibitor activity (GO:0004860),1/7,0.0232190870697698,0.1423989483151577,0.0369381523999771,0.2199755696772863,-3.0771513780070947,11.578645570071972,pcs
GO_Molecular_Function_2018,kinase inhibitor activity (GO:0019210),1/6,0.0199348836683841,0.1423989483151577,0.0323938767458383,0.2199755696772863,-3.0511429291970784,11.946091500373369,pcs
GO_Molecular_Function_2018,fucosyltransferase activity (GO:0008417),1/8,0.0264924488051041,0.1423989483151577,0.0414618450234676,0.2199755696772863,-5.187359968109922,18.834762158822407,FucT6
GO_Molecular_Function_2018,NADH dehydrogenase (ubiquinone) activity (GO:0008137),1/8,0.0264924488051041,0.1423989483151577,0.0414618450234676,0.2199755696772863,-3.448999183873361,12.522955745038978,ND-18
GO_Biological_Process_2018,"mitochondrial electron transport, cytochrome c to oxygen (GO:0006123)",1/15,0.0491053610924786,0.1441104654151857,0.0704157498431394,0.2131655172564429,-2.4513054347810144,7.387712606614948,Cyt-c-p
GO_Biological_Process_2018,regulation of neurotransmitter transport (GO:0051588),1/14,0.0459069103289052,0.1441104654151857,0.0661597364882691,0.2131655172564429,-2.8942741236633904,8.91766267766826,Mctp
GO_Biological_Process_2018,regulation of intracellular transport (GO:0032386),1/12,0.0394781823884096,0.1441104654151857,0.0575908016731073,0.2131655172564429,-3.252044374854529,10.510630522933589,Arl1
GO_Biological_Process_2018,rhodopsin mediated signaling pathway (GO:0016056),1/14,0.0459069103289052,0.1441104654151857,0.0661597364882691,0.2131655172564429,-3.037373797906525,9.358572753790993,ninaE
GO_Biological_Process_2018,"mitochondrial electron transport, ubiquinol to cytochrome c (GO:0006122)",1/16,0.0522932490536117,0.1441104654151857,0.0746529026678682,0.2131655172564429,-2.953405579660703,8.715169076580828,Cyt-c-p
GO_Biological_Process_2018,mitochondrial respiratory chain complex I biogenesis (GO:0097031),1/15,0.0491053610924786,0.1441104654151857,0.0704157498431394,0.2131655172564429,-2.867856903936361,8.643110035396747,ND-18
GO_Biological_Process_2018,actin polymerization or depolymerization (GO:0008154),1/14,0.0459069103289052,0.1441104654151857,0.0661597364882691,0.2131655172564429,-2.8837574924629688,8.885259468592784,capt
GO_Biological_Process_2018,ATP metabolic process (GO:0046034),1/14,0.0459069103289052,0.1441104654151857,0.0661597364882691,0.2131655172564429,-3.789530378049904,11.676072194382094,Cyt-c-p
GO_Biological_Process_2018,striated muscle tissue development (GO:0014706),1/16,0.0522932490536117,0.1441104654151857,0.0746529026678682,0.2131655172564429,-2.437088053396942,7.191573885463328,flw
GO_Biological_Process_2018,regulation of chitin-based cuticle tanning (GO:0007564),1/14,0.0459069103289052,0.1441104654151857,0.0661597364882691,0.2131655172564429,-2.634083464399108,8.115978928285836,Hr38
GO_Biological_Process_2018,ATP biosynthetic process (GO:0006754),1/15,0.0491053610924786,0.1441104654151857,0.0704157498431394,0.2131655172564429,-2.6535978388703265,7.997378836986834,sun
GO_Biological_Process_2018,aerobic respiration (GO:0009060),1/16,0.0522932490536117,0.1441104654151857,0.0746529026678682,0.2131655172564429,-2.71844412963674,8.021824153844992,SdhB
GO_Biological_Process_2018,regulation of cuticle pigmentation (GO:0048079),1/16,0.0522932490536117,0.1441104654151857,0.0746529026678682,0.2131655172564429,-2.6293835973206767,7.759016497988274,Hr38
GO_Biological_Process_2018,regulation of neuronal synaptic plasticity (GO:0048168),1/13,0.0426978622839862,0.1441104654151857,0.0618847810597845,0.2131655172564429,-2.471240588122834,7.793320192984146,Mctp
GO_Biological_Process_2018,muscle cell fate commitment (GO:0042693),1/16,0.0522932490536117,0.1441104654151857,0.0746529026678682,0.2131655172564429,-2.504916374792097,7.391727664954512,pcs
GO_Biological_Process_2018,regulation of adult chitin-containing cuticle pigmentation (GO:0048082),1/13,0.0426978622839862,0.1441104654151857,0.0618847810597845,0.2131655172564429,-2.8252714610887133,8.909794228124772,Hr38
GO_Biological_Process_2018,"energy coupled proton transport, down electrochemical gradient (GO:0015985)",1/14,0.0459069103289052,0.1441104654151857,0.0661597364882691,0.2131655172564429,-2.755175449360763,8.489080240987517,sun
GO_Biological_Process_2018,nucleotide-sugar metabolic process (GO:0009225),1/16,0.0522932490536117,0.1441104654151857,0.0746529026678682,0.2131655172564429,-2.9027398624586507,8.565660219807812,FucT6
GO_Biological_Process_2018,negative regulation of JAK-STAT cascade (GO:0046426),1/15,0.0491053610924786,0.1441104654151857,0.0704157498431394,0.2131655172564429,-2.7721606139191604,8.354701794573215,lig
GO_Biological_Process_2018,dicarboxylic acid metabolic process (GO:0043648),1/16,0.0522932490536117,0.1441104654151857,0.0746529026678682,0.2131655172564429,-2.863337774508521,8.449389071401862,CG5412
GO_Biological_Process_2018,regulation of intracellular protein transport (GO:0033157),1/14,0.0459069103289052,0.1441104654151857,0.0661597364882691,0.2131655172564429,-2.6532502427494298,8.175034448475976,Arl1
GO_Biological_Process_2018,regulation of compound eye photoreceptor development (GO:0045314),1/13,0.0426978622839862,0.1441104654151857,0.0618847810597845,0.2131655172564429,-2.606341888266249,8.219376520954167,Dlip3
GO_Biological_Process_2018,negative regulation of STAT cascade (GO:1904893),1/15,0.0491053610924786,0.1441104654151857,0.0704157498431394,0.2131655172564429,-2.70500820427588,8.152318731146215,lig
GO_Biological_Process_2018,vesicle-mediated transport (GO:0016192),3/235,0.0443073144573356,0.1441104654151857,0.0928679534316394,0.2264738561278094,-0.9942672145198314,3.0987386728780004,Rab21;Arl1;Bet3
GO_Biological_Process_2018,"positive regulation of transcription, DNA-templated (GO:0045893)",4/379,0.0382670348252608,0.1441104654151857,0.0942665059392341,0.2264738561278094,-0.931563351002431,3.039846285096883,Dlip3;MED21;lig;Hr38
GO_Biological_Process_2018,NADH dehydrogenase complex assembly (GO:0010257),1/15,0.0491053610924786,0.1441104654151857,0.0704157498431394,0.2131655172564429,-1.7340674007785517,5.2261098987022665,ND-18
GO_Biological_Process_2018,peptide biosynthetic process (GO:0043043),2/94,0.0396672605732049,0.1441104654151857,0.0703035791930966,0.2131655172564429,-1.3831296421194,4.463676233186804,RpL41;mRpS22
GO_Biological_Process_2018,positive regulation of signal transduction (GO:0009967),2/107,0.0500673336188519,0.1441104654151857,0.0875169458739911,0.2254512627406075,-1.3908442910070575,4.164725378506074,CRMP;sun
GO_Biological_Process_2018,mitochondrial respiratory chain complex I assembly (GO:0032981),1/15,0.0491053610924786,0.1441104654151857,0.0704157498431394,0.2131655172564429,-2.9332718032509253,8.840256612673366,ND-18
GO_Molecular_Function_2018,glutamate receptor activity (GO:0008066),1/15,0.0491053610924786,0.145985320274666,0.0725588637808162,0.2326444457664819,-2.9634535087104754,8.9312178461243,mtt
GO_Molecular_Function_2018,"proton-transporting ATP synthase activity, rotational mechanism (GO:0046933)",1/15,0.0491053610924786,0.145985320274666,0.0725588637808162,0.2326444457664819,-2.4385782386837227,7.349355547669651,sun
GO_Molecular_Function_2018,RNA 7-methylguanosine cap binding (GO:0000340),1/12,0.0394781823884096,0.145985320274666,0.0593525754124861,0.2326444457664819,-3.0671275126879416,9.912977910711724,eIF4EHP
GO_Molecular_Function_2018,"4 iron, 4 sulfur cluster binding (GO:0051539)",1/12,0.0394781823884096,0.145985320274666,0.0593525754124861,0.2326444457664819,-1.4541136238655847,4.699705562750465,SdhB
GO_Molecular_Function_2018,G-protein coupled receptor activity (GO:0004930),2/102,0.0459600343066388,0.145985320274666,0.084802105997567,0.2326444457664819,-1.0754167725685189,3.312265462982064,ninaE;mtt
GO_Molecular_Function_2018,nucleoside-triphosphatase activity (GO:0017111),3/230,0.0420138518332827,0.145985320274666,0.0940508873835355,0.2326444457664819,-0.9051828932089756,2.869208824944036,Rab21;Arl1;sun
GO_Molecular_Function_2018,GTPase activity (GO:0003924),2/107,0.0500673336188519,0.145985320274666,0.0918839827240699,0.2326444457664819,-1.0636047684300731,3.184843767502889,Rab21;Arl1
GO_Molecular_Function_2018,RNA cap binding (GO:0000339),1/16,0.0522932490536117,0.145985320274666,0.0769210932142877,0.2326444457664819,-2.73781349048268,8.07898096828328,eIF4EHP
GO_Molecular_Function_2018,nuclear localization sequence binding (GO:0008139),1/16,0.0522932490536117,0.145985320274666,0.0769210932142877,0.2326444457664819,-2.7421414819105383,8.091752386240753,cdm
GO_Molecular_Function_2018,"oxidoreductase activity, acting on the CH-NH group of donors, NAD or NADP as acceptor (GO:0016646)",1/12,0.0394781823884096,0.145985320274666,0.0593525754124861,0.2326444457664819,-3.0990950004469155,10.016297058254414,CG5412
GO_Biological_Process_2018,metallo-sulfur cluster assembly (GO:0031163),1/17,0.0554706085521123,0.1477138677174228,0.0788712761650946,0.2173545633852028,-2.7831970425016315,8.048733021636833,galla-2
GO_Biological_Process_2018,iron-sulfur cluster assembly (GO:0016226),1/17,0.0554706085521123,0.1477138677174228,0.0788712761650946,0.2173545633852028,-2.8799843713587925,8.328632489030793,galla-2
GO_Biological_Process_2018,positive regulation of macroautophagy (GO:0016239),1/17,0.0554706085521123,0.1477138677174228,0.0788712761650946,0.2173545633852028,-2.444294928792917,7.0686613299616825,Rab21
GO_Molecular_Function_2018,actin binding (GO:0003779),2/116,0.0577785168406623,0.154846425132975,0.1050548537965707,0.2326444457664819,-1.0997271894962597,3.1354742582237307,Hsp23;capt
GO_Biological_Process_2018,regulation of neurotransmitter secretion (GO:0046928),1/19,0.0617938790785142,0.1557994610809347,0.0872520082894986,0.2254512627406075,-2.562042183361072,7.132599804794916,Mctp
GO_Biological_Process_2018,ATP synthesis coupled proton transport (GO:0015986),1/19,0.0617938790785142,0.1557994610809347,0.0872520082894986,0.2254512627406075,-2.381110914832333,6.628896025454175,sun
GO_Biological_Process_2018,canonical Wnt signaling pathway (GO:0060070),1/19,0.0617938790785142,0.1557994610809347,0.0872520082894986,0.2254512627406075,-2.3282797395146533,6.481816624027761,flw
GO_Biological_Process_2018,regulation of compound eye retinal cell programmed cell death (GO:0046669),1/19,0.0617938790785142,0.1557994610809347,0.0872520082894986,0.2254512627406075,-2.46251607663496,6.855524004085268,ninaE
GO_Biological_Process_2018,photoreceptor cell morphogenesis (GO:0008594),1/19,0.0617938790785142,0.1557994610809347,0.0872520082894986,0.2254512627406075,-2.653823215772256,7.388113698403448,ninaE
GO_Biological_Process_2018,negative regulation of organ growth (GO:0046621),1/20,0.0649398582605352,0.1586674887396582,0.0914145276352392,0.2264738561278094,-2.487410454839234,6.801310723374103,lig
GO_Biological_Process_2018,cofactor biosynthetic process (GO:0051188),1/20,0.0649398582605352,0.1586674887396582,0.0914145276352392,0.2264738561278094,-2.591988896442277,7.087258896875086,galla-2
GO_Biological_Process_2018,protein localization to organelle (GO:0033365),1/20,0.0649398582605352,0.1586674887396582,0.0914145276352392,0.2264738561278094,-2.0370315504513177,5.569842524775977,Arl1
GO_Molecular_Function_2018,anion channel activity (GO:0005253),1/22,0.0712006740733734,0.1590148387638673,0.1026819279489542,0.2326444457664819,-1.8466652886078705,4.879356886422168,Clic
GO_Molecular_Function_2018,chloride transmembrane transporter activity (GO:0015108),1/20,0.0649398582605352,0.1590148387638673,0.0941729902943614,0.2326444457664819,-2.0361389132637524,5.567401792542156,Clic
GO_Molecular_Function_2018,cation-transporting ATPase activity (GO:0019829),1/22,0.0712006740733734,0.1590148387638673,0.1026819279489542,0.2326444457664819,-2.172277580379812,5.739706939007411,sun
GO_Molecular_Function_2018,RNA polymerase II transcription cofactor activity (GO:0001104),1/22,0.0712006740733734,0.1590148387638673,0.1026819279489542,0.2326444457664819,-2.351069564912113,6.212120595313493,MED21
GO_Molecular_Function_2018,basal RNA polymerase II transcription machinery binding (GO:0001099),1/19,0.0617938790785142,0.1590148387638673,0.0898893969364683,0.2326444457664819,-2.2869648061188608,6.366797875395231,Dlip3
GO_Biological_Process_2018,regulation of cell migration (GO:0030334),1/21,0.0680754453280715,0.1613388054275295,0.0955585890834639,0.2264738561278094,-2.099771233245358,5.6423765393055305,Arl1
GO_Biological_Process_2018,endoplasmic reticulum organization (GO:0007029),1/21,0.0680754453280715,0.1613388054275295,0.0955585890834639,0.2264738561278094,-2.142803377455992,5.758009879302677,Arl1
GO_Biological_Process_2018,detection of visible light (GO:0009584),1/21,0.0680754453280715,0.1613388054275295,0.0955585890834639,0.2264738561278094,-1.916116512374508,5.148870831651469,ninaE
GO_Molecular_Function_2018,Rab guanyl-nucleotide exchange factor activity (GO:0017112),1/24,0.0774201913286909,0.1620985255944467,0.1111137651422003,0.2326444457664819,-2.421687228446203,6.19590533022425,Bet3
GO_Molecular_Function_2018,signal sequence binding (GO:0005048),1/24,0.0774201913286909,0.1620985255944467,0.1111137651422003,0.2326444457664819,-1.3435130829894473,3.4373885175342545,cdm
GO_Molecular_Function_2018,chloride channel activity (GO:0005254),1/25,0.0805145469100781,0.163468928575007,0.1153009815934046,0.2340959323260033,-1.8553107599975744,4.674116687352437,Clic
GO_Molecular_Function_2018,fatty acid ligase activity (GO:0015645),1/26,0.08359867834429,0.1647385720313951,0.1194691748471934,0.2354245504341752,-1.7889049038103828,4.439574616844837,AcCoAS
GO_Biological_Process_2018,cellular protein metabolic process (GO:0044267),2/132,0.0724151008296147,0.1661584154263791,0.123625205733486,0.2470711776352897,-1.2420676957904448,3.260850534015251,RpL41;mRpS22
GO_Biological_Process_2018,regulation of cellular localization (GO:0060341),1/23,0.0743155782075788,0.1661584154263791,0.1037916560326702,0.2342725950451698,-1.4637189397114372,3.8048417779259136,Mctp
GO_Biological_Process_2018,negative regulation of stress-activated MAPK cascade (GO:0032873),1/23,0.0743155782075788,0.1661584154263791,0.1037916560326702,0.2342725950451698,-2.3368392203178034,6.074460917690837,flw
GO_Biological_Process_2018,hydrogen ion transmembrane transport (GO:1902600),1/23,0.0743155782075788,0.1661584154263791,0.1037916560326702,0.2342725950451698,-2.0270856900244945,5.269276847890956,sun
GO_Biological_Process_2018,response to insecticide (GO:0017085),1/22,0.0712006740733734,0.1661584154263791,0.0996842721549093,0.2339125990169655,-1.8139539846560568,4.792925345641188,mtt
GO_Biological_Process_2018,proton transport (GO:0015992),1/23,0.0743155782075788,0.1661584154263791,0.1037916560326702,0.2342725950451698,-2.076563896534529,5.397892213941587,sun
GO_Biological_Process_2018,antennal development (GO:0007469),1/25,0.0805145469100781,0.1693409125435618,0.1119518413177333,0.2411678725344099,-2.135739757230783,5.380606340647481,Dlip3
GO_Biological_Process_2018,regulation of secretion by cell (GO:1903530),1/25,0.0805145469100781,0.1693409125435618,0.1119518413177333,0.2411678725344099,-2.262906473026033,5.700979660950525,Mctp
GO_Biological_Process_2018,exocrine system development (GO:0035272),1/26,0.08359867834429,0.1693409125435618,0.1160047994469313,0.2411678725344099,-2.1133118232911725,5.244664212266058,Arl1
GO_Biological_Process_2018,negative regulation of JNK cascade (GO:0046329),1/26,0.08359867834429,0.1693409125435618,0.1160047994469313,0.2411678725344099,-2.1472649275569027,5.328926567151525,flw
GO_Biological_Process_2018,cellular response to peptide hormone stimulus (GO:0071375),1/24,0.0774201913286909,0.1693409125435618,0.1078808195786241,0.238950974206859,-2.3510130903672786,6.015085006406805,Hr38
GO_Biological_Process_2018,protein complex disassembly (GO:0043241),1/25,0.0805145469100781,0.1693409125435618,0.1119518413177333,0.2411678725344099,-2.395522061053846,6.0350804199008286,flw
GO_Biological_Process_2018,inorganic anion transport (GO:0015698),1/26,0.08359867834429,0.1693409125435618,0.1160047994469313,0.2411678725344099,-2.510574589687732,6.2305621714896455,Clic
GO_Biological_Process_2018,cellular response to radiation (GO:0071478),1/24,0.0774201913286909,0.1693409125435618,0.1078808195786241,0.238950974206859,-2.2455919503691386,5.7453642119291946,ninaE
GO_Biological_Process_2018,positive regulation of cysteine-type endopeptidase activity involved in apoptotic process (GO:0043280),1/26,0.08359867834429,0.1693409125435618,0.1160047994469313,0.2411678725344099,-2.2833381821265304,5.666623314324632,Cyt-c-p
GO_Biological_Process_2018,eye development (GO:0001654),2/140,0.0801376168206241,0.1693409125435618,0.135856208621737,0.2591216362686985,-0.8549487833549979,2.1578992033698507,capt;caz
GO_Biological_Process_2018,positive regulation of transcription from RNA polymerase II promoter (GO:0045944),3/305,0.0826122259959012,0.1693409125435618,0.163459280093047,0.2693920651005559,-0.9081351878761548,2.2645237203593225,Dlip3;MED21;Hr38
GO_Biological_Process_2018,protein transport (GO:0015031),2/146,0.0860908156525996,0.1726168964578577,0.1452056501783919,0.2667731712579758,-1.0285711720168325,2.5224191303185077,Rab21;Arl1
GO_Biological_Process_2018,protein N-linked glycosylation (GO:0006487),1/27,0.0866726188965614,0.1726168964578577,0.1200397718345155,0.2470711776352897,-2.0538879604538325,5.023023844995379,FucT6
GO_Biological_Process_2018,response to UV (GO:0009411),1/28,0.0897364017317956,0.1743239935281604,0.1240568360278459,0.2470711776352897,-2.077243826233516,5.007983052891563,ninaE
GO_Biological_Process_2018,photoreceptor cell axon guidance (GO:0072499),1/28,0.0897364017317956,0.1743239935281604,0.1240568360278459,0.2470711776352897,-1.958343951992397,4.721329869634721,capt
GO_Biological_Process_2018,small GTPase mediated signal transduction (GO:0007264),1/28,0.0897364017317956,0.1743239935281604,0.1240568360278459,0.2470711776352897,-1.857080202767182,4.477195245866615,CRMP
GO_Biological_Process_2018,intra-Golgi vesicle-mediated transport (GO:0006891),1/29,0.0927900599065179,0.1759299535827579,0.1280560692423853,0.2487646591020109,-2.160402055249623,5.136173889773198,Bet3
GO_Biological_Process_2018,photoreceptor cell development (GO:0042461),1/29,0.0927900599065179,0.1759299535827579,0.1280560692423853,0.2487646591020109,-1.9324179664346064,4.594160924450351,ninaE
GO_Biological_Process_2018,regulation of JAK-STAT cascade (GO:0046425),1/29,0.0927900599065179,0.1759299535827579,0.1280560692423853,0.2487646591020109,-1.702794728358887,4.048251019845388,lig
GO_Biological_Process_2018,chloride transport (GO:0006821),1/30,0.0958336263769812,0.1802584877090837,0.1320375483766128,0.2544138127256686,-2.28634756582622,5.3618089020137845,Clic
GO_Biological_Process_2018,cellular response to light stimulus (GO:0071482),1/32,0.1018906154871081,0.1857544297726509,0.1399475503898456,0.2591216362686985,-1.9082079706900457,4.358071151291475,ninaE
GO_Biological_Process_2018,regulation of imaginal disc growth (GO:0045570),1/32,0.1018906154871081,0.1857544297726509,0.1399475503898456,0.2591216362686985,-1.6936773307197843,3.86811418251076,lig
GO_Biological_Process_2018,cortical actin cytoskeleton organization (GO:0030866),1/32,0.1018906154871081,0.1857544297726509,0.1399475503898456,0.2591216362686985,-2.0035445636946765,4.575806147695274,Rab21
GO_Biological_Process_2018,regulation of endocytosis (GO:0030100),1/32,0.1018906154871081,0.1857544297726509,0.1399475503898456,0.2591216362686985,-1.9921597190606375,4.549804808363483,Rab21
GO_Biological_Process_2018,cellular protein localization (GO:0034613),2/164,0.1047000602698143,0.1879841991208031,0.1740118486994216,0.2693920651005559,-1.0539179948437212,2.3783299296839275,Rab21;Arl1
GO_Biological_Process_2018,gene expression (GO:0010467),2/164,0.1047000602698143,0.1879841991208031,0.1740118486994216,0.2693920651005559,-0.92752277565547,2.093099452326955,RpL41;mRpS22
GO_Biological_Process_2018,cellular macromolecule biosynthetic process (GO:0034645),2/166,0.1068314194887382,0.1903687700663983,0.1772722445360863,0.2693920651005559,-1.1370781874478608,2.543079011417776,RpL41;mRpS22
GO_Biological_Process_2018,monocarboxylic acid biosynthetic process (GO:0072330),1/34,0.1079076305760853,0.1908515555711361,0.1477874508194049,0.2693920651005559,-1.9785183683756824,4.405130963986347,AcCoAS
GO_Biological_Process_2018,imaginal disc-derived appendage morphogenesis (GO:0035114),2/170,0.1111292813700847,0.1936591153287505,0.1838233842489988,0.2722883879188295,-0.7886180328797932,1.7326419699728128,flw;Dlip3
GO_Biological_Process_2018,cellular respiration (GO:0045333),1/35,0.1109012291355274,0.1936591153287505,0.1516813017879099,0.2693920651005559,-1.735219548426142,3.8159478602483943,SdhB
GO_Biological_Process_2018,positive regulation of synaptic growth at neuromuscular junction (GO:0045887),1/36,0.1138849314968013,0.1941779047823159,0.1555578533405568,0.2693920651005559,-1.9058548424573445,4.140596790880564,caz
GO_Biological_Process_2018,positive regulation of neuromuscular junction development (GO:1904398),1/36,0.1138849314968013,0.1941779047823159,0.1555578533405568,0.2693920651005559,-1.9872392102410943,4.317409759300944,caz
GO_Biological_Process_2018,amino acid transmembrane transport (GO:0003333),1/36,0.1138849314968013,0.1941779047823159,0.1555578533405568,0.2693920651005559,-1.8354217171941272,3.987576127428283,CG1607
GO_Biological_Process_2018,cortical cytoskeleton organization (GO:0030865),1/38,0.1198227764279776,0.1945068357084294,0.1632593565758293,0.2693920651005559,-1.6428795370947575,3.485765678466169,Rab21
GO_Biological_Process_2018,mitochondrial respiratory chain complex assembly (GO:0033108),1/37,0.11685876988484,0.1945068357084294,0.1594171801521017,0.2693920651005559,-1.6940801614154657,3.636832940778505,ND-18
GO_Biological_Process_2018,protein localization to membrane (GO:0072657),1/38,0.1198227764279776,0.1945068357084294,0.1632593565758293,0.2693920651005559,-1.9504857793752564,4.138426605584082,Arl1
GO_Biological_Process_2018,Rab protein signal transduction (GO:0032482),1/37,0.11685876988484,0.1945068357084294,0.1594171801521017,0.2693920651005559,-1.7058276745160263,3.6620523746573888,Rab21
GO_Biological_Process_2018,regulation of cell communication (GO:0010646),1/38,0.1198227764279776,0.1945068357084294,0.1632593565758293,0.2693920651005559,-1.8210083186667136,3.863708905057536,cdm
GO_Biological_Process_2018,synaptic vesicle endocytosis (GO:0048488),1/38,0.1198227764279776,0.1945068357084294,0.1632593565758293,0.2693920651005559,-1.6905890736191662,3.586992981623406,Arl1
GO_Biological_Process_2018,positive regulation of canonical Wnt signaling pathway (GO:0090263),1/37,0.11685876988484,0.1945068357084294,0.1594171801521017,0.2693920651005559,-1.4102521771873984,3.0275140985739384,flw
GO_Biological_Process_2018,synaptic vesicle recycling (GO:0036465),1/41,0.1286561245122614,0.1967193645768126,0.1746837224411573,0.2693920651005559,-1.5487322323200696,3.175849110056978,Arl1
GO_Biological_Process_2018,positive regulation of Notch signaling pathway (GO:0045747),1/39,0.1227769831140502,0.1967193645768126,0.1670844566609648,0.2693920651005559,-2.0188220553455567,4.234248539527626,CRMP
GO_Biological_Process_2018,protein import (GO:0017038),1/40,0.1257214218788492,0.1967193645768126,0.1708925541398984,0.2693920651005559,-1.962860291783555,4.07035739336589,cdm
GO_Biological_Process_2018,nuclear import (GO:0051170),1/41,0.1286561245122614,0.1967193645768126,0.1746837224411573,0.2693920651005559,-2.14263871366881,4.393720947994335,cdm
GO_Biological_Process_2018,amino acid transport (GO:0006865),1/40,0.1257214218788492,0.1967193645768126,0.1708925541398984,0.2693920651005559,-1.8007613346376046,3.734214932571397,CG1607
GO_Biological_Process_2018,response to alcohol (GO:0097305),1/41,0.1286561245122614,0.1967193645768126,0.1746837224411573,0.2693920651005559,-1.649956191487995,3.383420189118412,Clic
GO_Biological_Process_2018,positive regulation of synapse assembly (GO:0051965),1/40,0.1257214218788492,0.1967193645768126,0.1708925541398984,0.2693920651005559,-1.6814653887655375,3.486832509425161,caz
GO_Biological_Process_2018,establishment of protein localization to organelle (GO:0072594),1/41,0.1286561245122614,0.1967193645768126,0.1746837224411573,0.2693920651005559,-1.9666293832961763,4.032794079191277,cdm
GO_Biological_Process_2018,clathrin-dependent endocytosis (GO:0072583),1/41,0.1286561245122614,0.1967193645768126,0.1746837224411573,0.2693920651005559,-1.6520547861385568,3.387723592776107,Arl1
GO_Biological_Process_2018,chaeta morphogenesis (GO:0008407),1/42,0.1315811227397259,0.1973716841095889,0.1784580346868661,0.2693920651005559,-1.7877199378863649,3.625731502862652,capt
GO_Biological_Process_2018,carboxylic acid transmembrane transport (GO:1905039),1/42,0.1315811227397259,0.1973716841095889,0.1784580346868661,0.2693920651005559,-1.7236599704193991,3.4958094512062043,CG1607
GO_Biological_Process_2018,fatty acid metabolic process (GO:0006631),1/42,0.1315811227397259,0.1973716841095889,0.1784580346868661,0.2693920651005559,-1.6402648697610445,3.3266732027181494,AcCoAS
GO_Biological_Process_2018,muscle organ development (GO:0007517),1/43,0.1344964481633632,0.1992228638419817,0.1822155636890482,0.2716043307817889,-1.3876130191560827,2.783853505602236,pcs
GO_Biological_Process_2018,positive regulation of Wnt signaling pathway (GO:0030177),1/43,0.1344964481633632,0.1992228638419817,0.1822155636890482,0.2716043307817889,-1.34314463774747,2.6946402611573887,flw
GO_Biological_Process_2018,negative regulation of cellular amide metabolic process (GO:0034249),1/45,0.1402982064983686,0.2044263518326119,0.1896805616739213,0.2774956365229589,-1.7786349862362858,3.493212567354051,eIF4EHP
GO_Biological_Process_2018,anterior/posterior pattern specification (GO:0009952),1/46,0.1431847021274834,0.2044263518326119,0.1933881747604691,0.2794694964526291,-1.2207811109975952,2.372734410681586,pcs
GO_Biological_Process_2018,lipid biosynthetic process (GO:0008610),1/46,0.1431847021274834,0.2044263518326119,0.1933881747604691,0.2794694964526291,-1.5534631007041595,3.019341732567268,AcCoAS
GO_Biological_Process_2018,positive regulation of apoptotic process (GO:0043065),1/45,0.1402982064983686,0.2044263518326119,0.1896805616739213,0.2774956365229589,-1.5862265439064078,3.1153252582586606,Cyt-c-p
GO_Biological_Process_2018,compound eye development (GO:0048749),2/198,0.1423757717251438,0.2044263518326119,0.2305521543656613,0.3052177457818864,-0.9254841251435924,1.804032727187269,capt;caz
GO_Biological_Process_2018,"RNA splicing, via transesterification reactions with bulged adenosine as nucleophile (GO:0000377)",2/198,0.1423757717251438,0.2044263518326119,0.2305521543656613,0.3052177457818864,-0.9153701878208054,1.784317776454648,Sf3b5;caz
GO_Biological_Process_2018,protein localization to nucleus (GO:0034504),1/47,0.1460616503541142,0.2060512567495539,0.197079292812352,0.2813722433525748,-1.6356081498781962,3.146462714879831,cdm
GO_Biological_Process_2018,gland development (GO:0048732),1/47,0.1460616503541142,0.2060512567495539,0.197079292812352,0.2813722433525748,-1.4817659173792808,2.850512337909797,Arl1
GO_Biological_Process_2018,vesicle organization (GO:0016050),1/48,0.1489290822942315,0.2088532100812595,0.2007539871261113,0.2849023649634035,-1.342692060524057,2.5568684096842293,Arl1
GO_Biological_Process_2018,regulation of JNK cascade (GO:0046328),1/49,0.1517870289344431,0.2116089756321354,0.2044123286962647,0.2883673922679448,-1.4255591215907355,2.687573633137584,flw
GO_Biological_Process_2018,vesicle-mediated transport in synapse (GO:0099003),1/51,0.1574745898766596,0.2122530978440936,0.2116802361313189,0.2949347767221413,-1.515928976608784,2.802181324347172,Arl1
GO_Biological_Process_2018,protein glycosylation (GO:0006486),1/52,0.1603042656627214,0.2122530978440936,0.2152899425018162,0.2949347767221413,-1.5027813741922125,2.751114224417086,FucT6
GO_Biological_Process_2018,mRNA processing (GO:0006397),2/213,0.1598109842901934,0.2122530978440936,0.2559750960192475,0.324417635061827,-0.8424914627811649,1.5449301021674997,Sf3b5;caz
GO_Biological_Process_2018,wing disc dorsal/ventral pattern formation (GO:0048190),1/52,0.1603042656627214,0.2122530978440936,0.2152899425018162,0.2949347767221413,-1.3569649930279284,2.4841708570961285,capt
GO_Biological_Process_2018,regulation of transcription from RNA polymerase II promoter (GO:0006357),4/630,0.1603093017472268,0.2122530978440936,0.3254543062761577,0.3860692378794944,-0.6691840995585048,1.225042001632197,Dlip3;MED21;CG6276;Hr38
GO_Biological_Process_2018,"mRNA splicing, via spliceosome (GO:0000398)",2/211,0.1574628561458014,0.2122530978440936,0.2525772789700531,0.3235719735994734,-0.7604109511118805,1.405669588841291,Sf3b5;caz
GO_Biological_Process_2018,"regulation of transcription, DNA-templated (GO:0006355)",4/623,0.1558637806348253,0.2122530978440936,0.3180423881576857,0.3824962571348374,-0.7366041703178859,1.3691798361168337,Dlip3;MED21;CG6276;lig
GO_Biological_Process_2018,SCF-dependent proteasomal ubiquitin-dependent protein catabolic process (GO:0031146),1/52,0.1603042656627214,0.2122530978440936,0.2152899425018162,0.2949347767221413,-1.431613297382811,2.62082813503832,CG32085
GO_Biological_Process_2018,defense response to fungus (GO:0050832),1/52,0.1603042656627214,0.2122530978440936,0.2152899425018162,0.2949347767221413,-1.4410380265203622,2.638081813342346,Hsp27
GO_Molecular_Function_2018,L-amino acid transmembrane transporter activity (GO:0015179),1/35,0.1109012291355274,0.2122966386308668,0.1561404898084498,0.2988975090618896,-1.905907820134052,4.191311050332361,CG1607
GO_Biological_Process_2018,eye-antennal disc development (GO:0035214),1/54,0.1659355609525099,0.2172747400317395,0.2224612096340363,0.301276038190095,-1.53002194951456,2.748157726871671,Dlip3
GO_Biological_Process_2018,protein import into nucleus (GO:0006606),1/54,0.1659355609525099,0.2172747400317395,0.2224612096340363,0.301276038190095,-1.3024436891529003,2.3393917252601653,cdm
GO_Biological_Process_2018,translation (GO:0006412),2/225,0.1740329818902866,0.2221082697213231,0.2763853766277061,0.3447543908461387,-0.8911284611101862,1.5581474235463086,RpL41;mRpS22
GO_Biological_Process_2018,fatty acid biosynthetic process (GO:0006633),1/57,0.1743128192749624,0.2221082697213231,0.233098784753255,0.3052177457818864,-1.2614670848559009,2.2036616213680733,AcCoAS
GO_Biological_Process_2018,"dorsal/ventral pattern formation, imaginal disc (GO:0007450)",1/57,0.1743128192749624,0.2221082697213231,0.233098784753255,0.3052177457818864,-1.2920754445833351,2.25713148073589,capt
GO_Biological_Process_2018,transcription initiation from RNA polymerase II promoter (GO:0006367),1/57,0.1743128192749624,0.2221082697213231,0.233098784753255,0.3052177457818864,-1.4856594804900234,2.5953041651907034,caz
GO_Biological_Process_2018,dorsal/ventral pattern formation (GO:0009953),1/56,0.1715296507297171,0.2221082697213231,0.2295687446345469,0.3052177457818864,-1.297382330858835,2.2872839293617995,Dlip3
GO_Biological_Process_2018,cell morphogenesis (GO:0000902),1/58,0.1770867771013565,0.2232423732607526,0.2366130978537371,0.3064333562368071,-1.3620960858016526,2.357945511010437,capt
GO_Biological_Process_2018,"DNA-templated transcription, initiation (GO:0006352)",1/58,0.1770867771013565,0.2232423732607526,0.2366130978537371,0.3064333562368071,-1.6306511678965523,2.8228453494913763,caz
GO_Biological_Process_2018,negative regulation of translation (GO:0017148),1/61,0.1853536861064066,0.2324276381334305,0.2470623544067413,0.3182270543173787,-1.3494361060288091,2.274460336769801,eIF4EHP
GO_Biological_Process_2018,ER to Golgi vesicle-mediated transport (GO:0006888),1/63,0.1908194530797919,0.2380221598942668,0.2539511307914584,0.3235828924600842,-1.2793131771249753,2.1190896170241103,Bet3
GO_Molecular_Function_2018,carboxylic acid transmembrane transporter activity (GO:0046943),1/42,0.1315811227397259,0.2422616543019261,0.1836399752893171,0.3373571723801092,-1.5428880472593844,3.1291801807348727,CG1607
GO_Molecular_Function_2018,"ATPase activity, coupled to transmembrane movement of ions, rotational mechanism (GO:0044769)",1/43,0.1344964481633632,0.2422616543019261,0.1874972281918012,0.3373571723801092,-1.5070935341473326,3.023557404252481,sun
GO_Molecular_Function_2018,myosin binding (GO:0017022),1/44,0.1374021322906446,0.2422616543019261,0.1913369037379723,0.3373571723801092,-1.4623637474981537,2.9025630040457155,Hsp26
GO_Biological_Process_2018,negative regulation of cellular protein metabolic process (GO:0032269),1/65,0.1962490919140318,0.2435132711184584,0.260778615551322,0.328747510030124,-1.4030326685367804,2.2846570774597086,eIF4EHP
GO_Molecular_Function_2018,protein kinase regulator activity (GO:0019887),1/47,0.1460616503541142,0.2509264249673244,0.2027512360773736,0.3483162260816419,-1.4754145940328711,2.8382941289817527,pcs
GO_Biological_Process_2018,regulation of canonical Wnt signaling pathway (GO:0060828),1/68,0.2043263239466338,0.2522153061216261,0.2709060787948069,0.3397076226157103,-1.1716421678350697,1.860611038284744,flw
GO_Molecular_Function_2018,G-protein coupled receptor binding (GO:0001664),1/50,0.1546355212030763,0.2526970712342955,0.2140101300003279,0.3497238709761456,-1.5863045905175626,2.9611300442425232,sun
GO_Molecular_Function_2018,amino acid transmembrane transporter activity (GO:0015171),1/50,0.1546355212030763,0.2526970712342955,0.2140101300003279,0.3497238709761456,-1.5401551745064794,2.8749836489716887,CG1607
GO_Molecular_Function_2018,hydrogen ion transmembrane transporter activity (GO:0015078),1/58,0.1770867771013565,0.2579307405606715,0.2432893538062241,0.3543562327177612,-1.4466803970220117,2.50437071479962,sun
GO_Molecular_Function_2018,protein serine/threonine phosphatase activity (GO:0004722),1/53,0.1631245791938944,0.2579307405606715,0.2251156248785901,0.3543562327177612,-1.530932457642934,2.775949623765126,flw
GO_Molecular_Function_2018,GTP binding (GO:0005525),1/56,0.1715296507297171,0.2579307405606715,0.2360697343231391,0.3543562327177612,-1.215981413502946,2.1437741823312675,Arl1
GO_Molecular_Function_2018,protein transporter activity (GO:0008565),1/57,0.1743128192749624,0.2579307405606715,0.2396878073016143,0.3543562327177612,-1.4534217395131226,2.538987933555919,cdm
GO_Molecular_Function_2018,purine ribonucleoside binding (GO:0032550),1/56,0.1715296507297171,0.2579307405606715,0.2360697343231391,0.3543562327177612,-1.4691346978012905,2.5900832040191584,Arl1
GO_Molecular_Function_2018,guanyl ribonucleotide binding (GO:0032561),1/60,0.1826071806466717,0.2603123639005746,0.2504431579229223,0.357014714485868,-1.605006428984549,2.729181801309343,Arl1
GO_Biological_Process_2018,regulation of cellular component organization (GO:0051128),1/71,0.2123235839890979,0.2607289606498249,0.2808985967073004,0.348549567642043,-1.2963219352715836,2.008837286627667,Rab21
GO_Molecular_Function_2018,kinase binding (GO:0019900),1/64,0.1935387737781631,0.2701478717320193,0.2645556269840302,0.3692755626652088,-1.0925648652039948,1.7942945919529314,Rab21
KEGG_2019,Phototransduction,1/38,0.1198227764279776,0.2720509340422185,0.1603100467361206,0.3611741544230214,-9.45884103611229,20.06921548250186,ninaE
KEGG_2019,Pyruvate metabolism,1/46,0.1431847021274834,0.2720509340422185,0.1900916602226428,0.3611741544230214,-5.3980473616618125,10.491752051305422,AcCoAS
KEGG_2019,Propanoate metabolism,1/22,0.0712006740733734,0.2720509340422185,0.0976723015970977,0.3611741544230214,-13.26519016955558,35.049988432021046,AcCoAS
KEGG_2019,Pantothenate and CoA biosynthesis,1/10,0.0330067881609823,0.2720509340422185,0.0478763244856057,0.3611741544230214,-21.713415579371546,74.06537330420969,CRMP
KEGG_2019,Citrate cycle (TCA cycle),1/43,0.1344964481633632,0.2720509340422185,0.1790404299797977,0.3611741544230214,-45.751237415713206,91.78693260087309,SdhB
KEGG_2019,N-Glycan biosynthesis,1/38,0.1198227764279776,0.2720509340422185,0.1603100467361206,0.3611741544230214,-45.94593484172651,97.48539629360285,FucT6
KEGG_2019,Glyoxylate and dicarboxylate metabolism,1/33,0.1049041035040432,0.2720509340422185,0.1411834939550418,0.3611741544230214,-90.5104489977236,204.0746919174359,AcCoAS
KEGG_2019,Pyrimidine metabolism,1/38,0.1198227764279776,0.2720509340422185,0.1603100467361206,0.3611741544230214,-4.915570454162533,10.429569784223222,CRMP
KEGG_2019,beta-Alanine metabolism,1/19,0.0617938790785142,0.2720509340422185,0.0854552626615347,0.3611741544230214,-19.729057231315785,54.92472788729214,CRMP
GO_Biological_Process_2018,wing disc pattern formation (GO:0035222),1/76,0.2254767500632999,0.2754535554897014,0.2972576507870819,0.3669274126903043,-1.1229561173813998,1.6726860666514416,capt
GO_Biological_Process_2018,positive regulation of developmental growth (GO:0048639),1/78,0.2306772221835637,0.2789311309056357,0.3036994589730823,0.3710142875083531,-1.1667896636527444,1.7113722316187232,caz
GO_Biological_Process_2018,actin filament organization (GO:0007015),1/78,0.2306772221835637,0.2789311309056357,0.3036994589730823,0.3710142875083531,-1.079316017857065,1.5830714992103407,capt
GO_Biological_Process_2018,inorganic cation transmembrane transport (GO:0098662),1/79,0.233264544041724,0.2806279032380132,0.3068987977666465,0.3730000772856165,-1.3055901434449972,1.9003936261826664,sun
KEGG_2019,Glycolysis / Gluconeogenesis,1/54,0.1659355609525099,0.2866159689179717,0.218889946888439,0.3780826355345764,-75.2708134171437,135.19810455390515,AcCoAS
GO_Biological_Process_2018,salivary gland development (GO:0007431),1/82,0.2409751892939593,0.2884399993064059,0.3164112998625562,0.3824962571348374,-1.0032915831144775,1.4277454243240315,Arl1
GO_Biological_Process_2018,sensory perception of pain (GO:0019233),1/83,0.2435283905175305,0.2900312992595715,0.3195538350746743,0.3824962571348374,-1.1119475027298438,1.5706500321914774,CG5934
GO_Biological_Process_2018,chaeta development (GO:0022416),1/85,0.2486094385914097,0.2946021847308205,0.3257968252147632,0.3860692378794944,-1.0897446100483978,1.5167851555167715,capt
GO_Molecular_Function_2018,"transcriptional activator activity, RNA polymerase II core promoter proximal region sequence-specific binding (GO:0001077)",1/76,0.2254767500632999,0.308304943964104,0.3053725772297303,0.4175502586610598,-1.1014118996757596,1.640595130758806,Hr38
GO_Biological_Process_2018,Golgi organization (GO:0007030),1/92,0.2661297662967013,0.3137947990662597,0.3472117995299975,0.4093989875055195,-1.0193114219673978,1.3493351510551628,Arl1
GO_Biological_Process_2018,mitochondrial translation (GO:0032543),1/94,0.2710612307511103,0.3164606487094244,0.353207908688429,0.4123658835426486,-0.9462178827787656,1.2352027972144906,mRpS22
GO_Biological_Process_2018,mitochondrial gene expression (GO:0140053),1/94,0.2710612307511103,0.3164606487094244,0.353207908688429,0.4123658835426486,-1.0057241209928616,1.3128828677685456,mRpS22
KEGG_2019,Apoptosis,1/69,0.2070009243907529,0.3180469151964234,0.2703403234660132,0.4143736448660818,-0.3971291056881223,0.6254910575609242,Cyt-c-p
KEGG_2019,mRNA surveillance pathway,1/73,0.2176110472396581,0.3180469151964234,0.2835188096452138,0.4143736448660818,-0.5621106865983493,0.85724465231283,flw
GO_Biological_Process_2018,regulation of translation (GO:0006417),1/96,0.2759600480563813,0.3206006440655018,0.3591504575254322,0.4172483256545463,-1.090112123754594,1.403518462348014,eIF4EHP
KEGG_2019,Drug metabolism,1/96,0.2759600480563813,0.3277025570669528,0.3551045838155977,0.4216866932810223,1.1323458899847356,-1.45789440161776,CRMP
KEGG_2019,mTOR signaling pathway,1/96,0.2759600480563813,0.3277025570669528,0.3551045838155977,0.4216866932810223,0.5070817172252355,-0.6528672936812236,eIF4EHP
KEGG_2019,Phagosome,1/89,0.2586708871455594,0.3277025570669528,0.3340538279318741,0.4216866932810223,-2.7507176191961804,3.719516874884977,VhaM9.7-a
GO_Biological_Process_2018,male mating behavior (GO:0060179),1/101,0.2880656537211885,0.3330319996679106,0.3737755443224403,0.4321209951435042,-1.012053849455595,1.2595686820905112,lig
GO_Biological_Process_2018,wing disc development (GO:0035220),1/103,0.2928518734799033,0.3369218156055198,0.3795342673005692,0.4366486473312374,-0.8885778611634084,1.0912521185295017,Arl1
GO_Molecular_Function_2018,phosphoprotein phosphatase activity (GO:0004721),1/91,0.2636517244736288,0.3393608401355588,0.3533291860673075,0.4535755107631672,-1.0588757862863076,1.41161512975665,flw
GO_Molecular_Function_2018,"transcriptional activator activity, RNA polymerase II transcription regulatory region sequence-specific binding (GO:0001228)",1/93,0.2685995927739605,0.3393608401355588,0.359476942679418,0.4535755107631672,-0.990631602535162,1.302218438588132,Hr38
GO_Molecular_Function_2018,RNA polymerase II core promoter proximal region sequence-specific DNA binding (GO:0000978),1/92,0.2661297662967013,0.3393608401355588,0.3564101428163404,0.4535755107631672,-0.9811593770692032,1.2988305710452517,Hr38
GO_Molecular_Function_2018,core promoter proximal region sequence-specific DNA binding (GO:0000987),1/95,0.273514706974928,0.3393608401355588,0.3655683221076273,0.4535755107631672,-0.971812211995404,1.2598572402111543,Hr38
GO_Molecular_Function_2018,purine ribonucleoside triphosphate binding (GO:0035639),1/94,0.2710612307511103,0.3393608401355588,0.362529648314854,0.4535755107631672,-1.098732218344995,1.4342966183474002,Arl1
GO_Biological_Process_2018,transcription from RNA polymerase II promoter (GO:0006366),1/106,0.2999718304753934,0.3434460088051606,0.3880759311069832,0.4443188196732127,-0.8154114677109517,0.9818098008990932,caz
GO_Biological_Process_2018,protein dephosphorylation (GO:0006470),1/108,0.3046791877552584,0.3438522261809345,0.3937067444391376,0.4443261830098839,-1.0530175769309456,1.2515070721528807,flw
GO_Biological_Process_2018,cytoplasmic translation (GO:0002181),1/107,0.3023294200331272,0.3438522261809345,0.3908976637187737,0.4443261830098839,-0.7938873252419621,0.9496782348221942,RpL41
GO_Biological_Process_2018,Golgi vesicle transport (GO:0048193),1/108,0.3046791877552584,0.3438522261809345,0.3937067444391376,0.4443261830098839,-0.9036077006436244,1.0739340468591807,Bet3
GO_Biological_Process_2018,regulation of synaptic growth at neuromuscular junction (GO:0008582),1/110,0.3093553596137325,0.3474749773860408,0.3992871704346277,0.4484884331422122,-1.0765701260540803,1.2631016524991896,caz
GO_Biological_Process_2018,regulation of macromolecule metabolic process (GO:0060255),1/113,0.3163115895717324,0.353612484568399,0.4075642905629233,0.4556261172802491,-1.067583744099834,1.2288182568383537,Sf3b5
GO_Biological_Process_2018,regulation of Notch signaling pathway (GO:0008593),1/117,0.325479302119884,0.3621530263024062,0.4184281532746531,0.465574987446445,-0.9907093044956726,1.112028006615435,CRMP
GO_Biological_Process_2018,male gamete generation (GO:0048232),1/124,0.3412323003921749,0.3779067999670349,0.436975647079717,0.4839403194294062,-1.2472158432557443,1.340996248509834,Sf3b5
KEGG_2019,Spliceosome,1/127,0.347872121196432,0.3887982531018946,0.4411132735780182,0.493008952822491,2.828744076010155,-2.9869283911446485,Sf3b5
GO_Biological_Process_2018,wing disc morphogenesis (GO:0007472),1/134,0.3631097369416178,0.400265151884481,0.4624779042771935,0.5098012247148598,-0.7244199008513283,0.7338737144143949,flw
GO_Biological_Process_2018,positive regulation of nucleic acid-templated transcription (GO:1903508),1/135,0.3652577107419062,0.400768877064036,0.4649654727836298,0.5101704493042604,-0.9883048773682974,0.995373350187925,lig
GO_Biological_Process_2018,imaginal disc development (GO:0007444),1/140,0.3758909984247046,0.4105353300767511,0.4772363849036714,0.521221305171291,-0.808511429696799,0.7910929204393028,Arl1
GO_Biological_Process_2018,spermatogenesis (GO:0007283),1/141,0.3779965021081412,0.410941151374447,0.4796575209064296,0.5214625341964396,-1.0174710348639644,0.989867388664904,Sf3b5
KEGG_2019,RNA transport,1/147,0.3904833759105209,0.4121768967944388,0.4908132947085954,0.518080699970184,4.883072687296663,-4.591894486264521,eIF4EHP
GO_Biological_Process_2018,dephosphorylation (GO:0016311),1/143,0.3821865398729916,0.4135991321913197,0.484467130981605,0.5242863472266684,-0.950878046125848,0.9145986875901122,flw
GO_Molecular_Function_2018,RNA polymerase II regulatory region DNA binding (GO:0001012),1/127,0.347872121196432,0.4237714930938354,0.4557568229527497,0.5551946752333496,-0.921901155110741,0.9734541761421026,Hr38
GO_Molecular_Function_2018,"transcription factor activity, RNA polymerase II core promoter proximal region sequence-specific binding (GO:0000982)",1/134,0.3631097369416178,0.4344348638408642,0.4737679639386874,0.5668295282837869,-0.925907430778854,0.9379906938379644,Hr38
GO_Biological_Process_2018,chemical synaptic transmission (GO:0007268),1/154,0.4047395417712757,0.4360148699990561,0.5101572598677672,0.549578502675731,-0.7832359713132138,0.7084459632350961,cdm
GO_Molecular_Function_2018,protein homodimerization activity (GO:0042803),1/139,0.3737784742543372,0.4393536451761507,0.4862797026166867,0.5715919311459299,-0.861148251914233,0.8474490813101409,Dlip3
GO_Biological_Process_2018,cell morphogenesis involved in neuron differentiation (GO:0048667),1/160,0.4166973051518875,0.4468654358416169,0.5236409087083644,0.5613834130664088,-0.7828716823315517,0.6853221189513948,ninaE
GO_Biological_Process_2018,post-embryonic appendage morphogenesis (GO:0035120),1/161,0.4186671277692567,0.4469554472131254,0.525852817302712,0.5613834130664088,-0.7945991555490337,0.6918408929205716,flw
GO_Molecular_Function_2018,ATPase activity (GO:0016887),1/148,0.392540375544617,0.4534518131291265,0.50808161114587,0.5869218611512635,-0.8153385387700742,0.7624360147074754,sun
GO_Biological_Process_2018,proteasome-mediated ubiquitin-dependent protein catabolic process (GO:0043161),1/178,0.4511687883054022,0.4793154478683451,0.5619624823242207,0.5967333946462025,-0.7916776351942354,0.6301071202050801,CG32085
GO_Biological_Process_2018,negative regulation of cellular macromolecule biosynthetic process (GO:2000113),1/179,0.4530238832173388,0.4793154478683451,0.5640011831255247,0.5967333946462025,-0.9286141910938672,0.7352864043265561,eIF4EHP
GO_Biological_Process_2018,regulation of gene expression (GO:0010468),2/458,0.4559219406228677,0.4802377774560874,0.6275174742880125,0.6551614158866034,-0.6689963502031836,0.5254522565268195,Sf3b5;Dlip3
GO_Biological_Process_2018,positive regulation of gene expression (GO:0010628),1/204,0.4974454049611893,0.5216573494504508,0.6120731523314341,0.6447170537891105,-0.82317484364261,0.574797859463595,lig
GO_Biological_Process_2018,female gamete generation (GO:0007292),1/208,0.5042150812345688,0.526427199350629,0.6192702084299349,0.6494116787517458,-0.7296579543564944,0.4996350014669418,capt
GO_Biological_Process_2018,oogenesis (GO:0048477),1/216,0.5174860639613293,0.5355641797329042,0.6332769521402077,0.655400164442049,-0.7559925796889662,0.4980272606156854,capt
GO_Biological_Process_2018,defense response to bacterium (GO:0042742),1/216,0.5174860639613293,0.5355641797329042,0.6332769521402077,0.655400164442049,-0.9200473623919914,0.6061020700987416,Hsp27
GO_Molecular_Function_2018,sequence-specific DNA binding (GO:0043565),1/197,0.4853786864178223,0.5375619698774143,0.611993222403133,0.6753896702981824,-0.8321230851563379,0.6014801145855107,Hr38
GO_Molecular_Function_2018,transcription regulatory region sequence-specific DNA binding (GO:0000976),1/204,0.4974454049611893,0.5375619698774143,0.6249874560968254,0.6753896702981824,-0.8234305878657298,0.5749764378460064,Hr38
GO_Molecular_Function_2018,mRNA binding (GO:0003729),1/196,0.4836317325661164,0.5375619698774143,0.610101824456442,0.6753896702981824,-0.7673359552338873,0.5574170435036974,caz
GO_Molecular_Function_2018,RNA polymerase II regulatory region sequence-specific DNA binding (GO:0000977),1/200,0.490584690570687,0.5375619698774143,0.6176144813841575,0.6753896702981824,-0.8859351104230154,0.6309252033166557,Hr38
GO_Molecular_Function_2018,zinc ion binding (GO:0008270),1/211,0.5092333110696439,0.5415655847883514,0.6375615546521775,0.6780416533602523,-0.670061496351014,0.4521903280697921,CG2991
KEGG_2019,Ribosome,1/240,0.5552347469549632,0.5552347469549632,0.6725218151967014,0.6725218151967014,14.997931506232968,-8.824247279761451,RpL41
GO_Biological_Process_2018,sensory perception (GO:0007600),1/232,0.5429869151645428,0.559512603886942,0.6598034086103765,0.6798843819159096,-0.7235323911101865,0.4418395662611551,CG5934
GO_Molecular_Function_2018,ubiquitin-protein transferase activity (GO:0004842),1/231,0.5414327644800666,0.5668124253150697,0.6712877389150828,0.7027543516767272,-0.6690416693279049,0.4104814075942785,CG32085
GO_Biological_Process_2018,imaginal disc-derived wing morphogenesis (GO:0007476),1/240,0.5552347469549632,0.5696564286940531,0.6723574517143133,0.6898212816289708,-0.7194501567373202,0.4232987786265619,flw
GO_Biological_Process_2018,axon guidance (GO:0007411),1/242,0.5582458303039042,0.5702769904397643,0.6754248899451095,0.689981460849099,-0.7099619897040019,0.4138765005123612,capt
GO_Biological_Process_2018,regulation of nucleic acid-templated transcription (GO:1903506),1/246,0.5642078800296808,0.5714413143890356,0.6814762313799855,0.6902131061412675,-0.878072178446715,0.5025492571712908,Dlip3
GO_Biological_Process_2018,negative regulation of gene expression (GO:0010629),1/245,0.5627248410077968,0.5714413143890356,0.6799737607795113,0.6902131061412675,-0.6778609606810969,0.3897459933586542,eIF4EHP
GO_Molecular_Function_2018,transition metal ion binding (GO:0046914),1/242,0.5582458303039042,0.5754226250824858,0.6885254386584831,0.7097108367710518,-0.7251796407704919,0.4227477193392212,CG2991
GO_Biological_Process_2018,phosphorylation (GO:0016310),1/258,0.5816224858163691,0.5865724644190616,0.698979498900745,0.7049282605935172,-0.8039478038613705,0.4356864011320103,Cyt-c-p
GO_Biological_Process_2018,regulation of cellular macromolecule biosynthetic process (GO:2000112),1/266,0.5928494884295038,0.5953615625330186,0.7101249798191501,0.713133983970926,-0.875707887895494,0.4578329794475738,Dlip3
GO_Biological_Process_2018,cellular protein modification process (GO:0006464),1/391,0.7342056635625978,0.7342056635625978,0.8400681540274533,0.8400681540274533,-0.6368079517864901,0.1967520655079808,flw
GO_Molecular_Function_2018,RNA binding (GO:0003723),1/401,0.7431509706662117,0.754410833858124,0.8586949626246487,0.8717054923613858,-0.6551116010892323,0.1944738515353207,caz
GO_Molecular_Function_2018,DNA binding (GO:0003677),1/448,0.7813762410108751,0.7813762410108751,0.8886203856763233,0.8886203856763233,-0.6578459433214522,0.1622896090875894,Hr38
