names,log2FC_pseudobulk,pval,pvals_adj,sex
GstD11,-0.50311375,7.391434e-05,0.07950079441070557,Male
Crg-1,-2.243913,9.05992e-05,0.07950079441070557,Male
CG12698,-1.9822028,0.00052173383,0.19691824913024902,Male
Tsp,-1.8882647,0.0005445088,0.19691824913024902,Male
lncRNA:roX2,-8.908765,0.0006051878,0.19691824913024902,Male
CG10550,0.81253624,0.0007376191,0.19691824913024902,Male
Obp99b,-4.466754,0.00089695654,0.19691824913024902,Male
lncRNA:roX1,-8.466459,0.000897633,0.19691824913024902,Male
CAH2,-0.88600445,0.0014042389,0.227960467338562,Male
pyd3,1.0304003,0.001470018,0.227960467338562,Male
Muc14A,-3.1478353,0.0018360383,0.227960467338562,Male
Yp1,6.183847,0.0018960077,0.227960467338562,Male
CAP,-0.48898888,0.0021068088,0.227960467338562,Male
Yp2,4.329445,0.0021749442,0.227960467338562,Male
Cht2,4.298382,0.0022700157,0.227960467338562,Male
CG14645,5.8259335,0.0022956873,0.227960467338562,Male
shg,-0.4062729,0.0024732943,0.227960467338562,Male
CG6398,-1.3924584,0.002603602,0.227960467338562,Male
kst,-1.079752,0.0028076281,0.227960467338562,Male
Reg-2,-1.5366538,0.0029336798,0.227960467338562,Male
CG34141,-0.6777847,0.0030497038,0.227960467338562,Male
CG8419,-0.5166662,0.003076079,0.227960467338562,Male
CG17928,-0.58002746,0.0030855862,0.227960467338562,Male
CG30050,-1.8565463,0.0031174081,0.227960467338562,Male
CG3961,0.5933714,0.0036383967,0.25541545867919924,Male
ham,-0.45988655,0.004331039,0.28158673644065857,Male
CarT,-1.8344015,0.004499851,0.28158673644065857,Male
CG11089,-0.94713116,0.0046367534,0.28158673644065857,Male
CG6421,-1.4810203,0.0047779353,0.28158673644065857,Male
Ude,-0.79840803,0.004912168,0.28158673644065857,Male
Tsp42Ea,-1.9780765,0.0051274057,0.28158673644065857,Male
Ctr1B,-0.6589658,0.005134345,0.28158673644065857,Male
asRNA:CR45479,-2.6070728,0.0053250673,0.28319676717122394,Male
TotC,-2.8094413,0.005621986,0.2882417472633156,Male
osy,-1.1259098,0.005830329,0.2882417472633156,Male
AstC-R2,0.5111084,0.0059508514,0.2882417472633156,Male
CG9427,-1.7700725,0.0060768914,0.2882417472633156,Male
Sur,0.6267388,0.0067095356,0.30369993356557995,Male
rtp,-1.8464785,0.0067488872,0.30369993356557995,Male
CG6429,-1.3679274,0.007563554,0.3295332513204435,Male
pirk,0.618557,0.0076984977,0.3295332513204435,Male
Culd,-1.2097707,0.008311639,0.33878646706635096,Male
CG4872,-1.4151776,0.008322604,0.33878646706635096,Male
GstE3,-0.38643837,0.008851787,0.33878646706635096,Male
Gbeta76C,-1.6970987,0.009048484,0.33878646706635096,Male
sNPF,-0.3546009,0.009321989,0.33878646706635096,Male
CG2767,-1.8175402,0.009390494,0.33878646706635096,Male
CG13116,-2.1300359,0.009464147,0.33878646706635096,Male
Yp3,3.4934006,0.009465022,0.33878646706635096,Male
dsx,-1.005208,0.009969399,0.33878646706635096,Male
CG1674,-0.43986368,0.010060889,0.33878646706635096,Male
CG14275,-2.2361627,0.010107138,0.33878646706635096,Male
CG1368,0.6165265,0.010231158,0.33878646706635096,Male
CG5909,-1.6240966,0.010734023,0.3488557250411422,Male
Cpr49Ag,-2.6421835,0.01130079,0.3591991893032141,Male
bw,-1.9824221,0.011565997,0.3591991893032141,Male
CG15717,-0.26714802,0.011666299,0.3591991893032141,Male
CG15211,-1.5791645,0.012445262,0.3743849754333496,Male
CG17572,-2.066509,0.012600232,0.3743849754333496,Male
to,0.29415947,0.0127994865,0.3743849754333496,Male
Vinc,-0.40415955,0.013539976,0.37555293760437897,Male
laza,-0.8887162,0.01386525,0.37555293760437897,Male
Npc2h,-1.9932622,0.0140963495,0.37555293760437897,Male
CG31121,-1.0189259,0.014279518,0.37555293760437897,Male
Pkc53E,0.114746094,0.014385984,0.37555293760437897,Male
ninaA,-1.9767315,0.014483709,0.37555293760437897,Male
CG17005,-0.83971655,0.014720944,0.37555293760437897,Male
CG14259,-1.4956324,0.014730752,0.37555293760437897,Male
Clk,-0.44223595,0.01476533,0.37555293760437897,Male
Sdr,0.3669548,0.015475085,0.38380238707636444,Male
CG9254,-0.19109058,0.015527048,0.38380238707636444,Male
CG1146,1.3566132,0.016484344,0.39833835888934394,Male
GLaz,-0.6420851,0.016686305,0.39833835888934394,Male
dl,1.1862121,0.017018428,0.39833835888934394,Male
AOX1,0.13871908,0.018205173,0.39833835888934394,Male
ara,-0.31504822,0.018772604,0.39833835888934394,Male
CG2121,-2.2113638,0.018794058,0.39833835888934394,Male
CG6472,-1.6503083,0.018861251,0.39833835888934394,Male
fabp,-0.89980316,0.019016873,0.39833835888934394,Male
IRSp53,-0.9501047,0.019062249,0.39833835888934394,Male
Hsp70Bc,-0.9778576,0.01923126,0.39833835888934394,Male
lft,-1.5852102,0.019308602,0.39833835888934394,Male
Lsp2,-2.457394,0.019357005,0.39833835888934394,Male
fru,0.58709335,0.019747568,0.39833835888934394,Male
CG14823,-2.0243895,0.020105215,0.39833835888934394,Male
CG12581,-1.5267092,0.020534787,0.39833835888934394,Male
GstE14,-2.3046744,0.020597031,0.39833835888934394,Male
Hnf4,0.20966578,0.020645915,0.39833835888934394,Male
CG14778,-0.8507736,0.020721735,0.39833835888934394,Male
Sp1,0.8043599,0.020767495,0.39833835888934394,Male
bbg,1.1923633,0.020857375,0.39833835888934394,Male
nrv1,-1.686825,0.021074463,0.39833835888934394,Male
st,-1.1025721,0.021108529,0.39833835888934394,Male
betaTub97EF,-0.39191866,0.021363927,0.3988690477736453,Male
daw,0.93089056,0.021854995,0.4037422581722862,Male
Osi2,-0.9747815,0.0237035,0.41315595238609654,Male
alpha-Est7,-1.2249448,0.023910135,0.41315595238609654,Male
grh,-1.7011142,0.024141124,0.41315595238609654,Male
bru2,-0.55537224,0.02432621,0.41315595238609654,Male
ninaC,-1.4638047,0.02440358,0.41315595238609654,Male
CG13077,-2.858711,0.024735002,0.41315595238609654,Male
Lsp1beta,-2.296501,0.025652276,0.41315595238609654,Male
vn,-0.44214916,0.025737813,0.41315595238609654,Male
rdhB,-1.9734402,0.025747443,0.41315595238609654,Male
CHKov2,0.6278486,0.025840763,0.41315595238609654,Male
CG8568,0.22159827,0.025958268,0.41315595238609654,Male
CG43750,-0.61438787,0.026029939,0.41315595238609654,Male
lncRNA:CR44965,1.4063123,0.026037687,0.41315595238609654,Male
lncRNA:CR46126,-0.7680468,0.02627764,0.41315595238609654,Male
Vha36-3,-1.494221,0.026337657,0.41315595238609654,Male
snu,-1.2412302,0.026393821,0.41315595238609654,Male
CG34155,-0.43832588,0.026558004,0.41315595238609654,Male
CG9717,-1.2765456,0.026602063,0.41315595238609654,Male
CG10462,-1.1916342,0.026883943,0.4138712297406113,Male
Hn,-1.6107048,0.027150558,0.41434113875679346,Male
CG10226,0.3477764,0.027797999,0.420564552833294,Male
G6pd,-1.4359344,0.028249236,0.4224843898741137,Male
dsb,-0.71420896,0.028433362,0.4224843898741137,Male
PPO1,2.2761474,0.02864709,0.4224843898741137,Male
CG17549,-2.1000738,0.028983584,0.42388490041097004,Male
CG32204,-0.26844025,0.029383559,0.4252504225700132,Male
TotA,-2.457971,0.029788403,0.4252504225700132,Male
Rab32,-1.6584282,0.02988811,0.4252504225700132,Male
flap,-1.5624214,0.030046184,0.4252504225700132,Male
lncRNA:CR43411,-0.35145092,0.030786935,0.42716429890065954,Male
Cpr72Ec,-2.8898163,0.030852566,0.42716429890065954,Male
PIP82,-1.2951248,0.031249855,0.42716429890065954,Male
nxf2,-0.67504036,0.031680204,0.42716429890065954,Male
chp,-1.3796625,0.032355975,0.42716429890065954,Male
CG3906,3.529228,0.032724164,0.42716429890065954,Male
Reg-5,0.7121391,0.032766093,0.42716429890065954,Male
RabX5,-1.6846168,0.03284913,0.42716429890065954,Male
Drip,-0.51704264,0.033119317,0.42716429890065954,Male
CG14322,-0.43021297,0.033379104,0.42716429890065954,Male
Arc1,-1.2098932,0.033392332,0.42716429890065954,Male
Phs,-0.42570066,0.033411965,0.42716429890065954,Male
Swim,-2.36029,0.03350539,0.42716429890065954,Male
Dop1R1,-0.36343384,0.033588987,0.42716429890065954,Male
DCX-EMAP,-0.82266927,0.034096938,0.430504503867609,Male
asRNA:CR46354,-0.69037056,0.03510718,0.43505851315780425,Male
CG34324,3.231555,0.03515477,0.43505851315780425,Male
pug,-0.5013275,0.035201315,0.43505851315780425,Male
CG18507,-1.3015976,0.035575107,0.4351675775316026,Male
GstE9,-1.0160475,0.03570606,0.4351675775316026,Male
lncRNA:CR44544,-0.66508174,0.036675714,0.44263374642150044,Male
CG17111,-0.9511032,0.03682309,0.44263374642150044,Male
bdl,-0.6547713,0.03734518,0.44400385263803843,Male
M7BP,-0.8081336,0.03744306,0.44400385263803843,Male
Pdh,-2.831191,0.038247745,0.44910563151041666,Male
TotM,-0.47819257,0.038385097,0.44910563151041666,Male
lncRNA:CR46060,-1.769102,0.0392102,0.4557212172754553,Male
Hr51,-0.2596655,0.039947927,0.4558320126291049,Male
Ets21C,0.63369894,0.04055252,0.4558320126291049,Male
Est-6,-0.77268267,0.041168302,0.4558320126291049,Male
nompC,-0.7965996,0.04135342,0.4558320126291049,Male
norpA,-0.57763577,0.041429974,0.4558320126291049,Male
inaC,-1.4540691,0.04154119,0.4558320126291049,Male
SmydA-8,-0.89350367,0.04173635,0.4558320126291049,Male
Obp19c,-1.750575,0.042096067,0.4558320126291049,Male
Reck,-0.40414453,0.042378318,0.4558320126291049,Male
Gpa2,0.6310158,0.043057203,0.4558320126291049,Male
Jheh2,0.38950682,0.043074246,0.4558320126291049,Male
disco-r,0.5372305,0.043226793,0.4558320126291049,Male
CG6435,-1.306232,0.043346718,0.4558320126291049,Male
CG31548,-0.44016075,0.04347732,0.4558320126291049,Male
Bbd,-1.0906143,0.043620583,0.4558320126291049,Male
CG17108,-1.2783613,0.04375275,0.4558320126291049,Male
Arr2,-1.5403051,0.043775,0.4558320126291049,Male
Gnmt,-2.8871453,0.044659864,0.4558320126291049,Male
Sph242,-0.9922528,0.044803314,0.4558320126291049,Male
CG16825,-0.69121456,0.044958703,0.4558320126291049,Male
Lmx1a,-0.18570518,0.045711294,0.4558320126291049,Male
Pph13,-1.0350327,0.045718595,0.4558320126291049,Male
Pu,-0.9825587,0.04580083,0.4558320126291049,Male
emp,-0.7658484,0.045887843,0.4558320126291049,Male
CG9444,-1.4253635,0.04589569,0.4558320126291049,Male
Prx6b,-1.033816,0.0459728,0.4558320126291049,Male
Cht6,-0.41577816,0.04691517,0.46173705202241183,Male
CG4757,-1.2675889,0.047094546,0.46173705202241183,Male
SPE,-0.7203306,0.048284512,0.46835384884396114,Male
Pka-R2,-0.32097054,0.048801932,0.46835384884396114,Male
CG8641,-0.25457668,0.049011145,0.46835384884396114,Male
pst,0.54539204,0.049111787,0.46835384884396114,Male
CG9150,-1.5833668,0.049357954,0.46835384884396114,Male
CG15203,-0.8532522,0.04937063,0.46835384884396114,Male
CG1136,-1.6009405,0.050171617,0.4733934710102697,Male
Fs,-0.6238742,0.05163861,0.47626981586989964,Male
Buffy,-1.086622,0.051805064,0.47626981586989964,Male
fog,0.53448725,0.051879108,0.47626981586989964,Male
Myd88,0.43190098,0.052231528,0.47626981586989964,Male
RhoGEF64C,-1.8696501,0.052269563,0.47626981586989964,Male
Stacl,-0.34299564,0.052357588,0.47626981586989964,Male
Fmo-1,-1.5044781,0.05237611,0.47626981586989964,Male
CG34398,-1.3618951,0.053222276,0.4766736658608041,Male
Mrp4,0.19765544,0.05351141,0.4766736658608041,Male
Ama,1.5471298,0.053701982,0.4766736658608041,Male
CG10864,-0.6723132,0.054152675,0.4766736658608041,Male
CG13458,0.25998735,0.054249033,0.4766736658608041,Male
Drs,-1.5085189,0.054276187,0.4766736658608041,Male
nolo,-0.1934576,0.054879006,0.4766736658608041,Male
lncRNA:CR45308,-0.09514904,0.05491226,0.4766736658608041,Male
CG32407,-0.6498909,0.054944083,0.4766736658608041,Male
Oseg2,-0.78402627,0.055212677,0.4766736658608041,Male
CG31313,-1.4471633,0.055542488,0.4766736658608041,Male
CG15043,-0.892735,0.05567983,0.4766736658608041,Male
pros,-0.24349308,0.05658804,0.47866380158193866,Male
stops,-1.0558577,0.057068426,0.47866380158193866,Male
acj6,0.3483467,0.05718377,0.47866380158193866,Male
Hibadh,-0.8747387,0.057378087,0.47866380158193866,Male
BomT3,-1.4896607,0.057461955,0.47866380158193866,Male
fln,-0.27953607,0.057548754,0.47866380158193866,Male
Npc2g,-2.0196817,0.058649726,0.47999080311168324,Male
lncRNA:CR42746,0.7679409,0.05885656,0.47999080311168324,Male
sr,-0.19150162,0.059012424,0.47999080311168324,Male
moody,-0.33486795,0.059169143,0.47999080311168324,Male
CG3699,-1.7317437,0.059407465,0.47999080311168324,Male
dap,-0.27636385,0.05967638,0.47999080311168324,Male
CG13280,-0.99630463,0.059946075,0.47999080311168324,Male
spri,-0.263268,0.060068868,0.47999080311168324,Male
Eglp4,-0.416255,0.060169786,0.47999080311168324,Male
CG11378,-1.3351707,0.061772004,0.49054238159732044,Male
vg,-0.32605457,0.062168237,0.49146511318447356,Male
Glug,-0.72899425,0.06386032,0.49433284775350106,Male
gl,-1.0310144,0.06392368,0.49433284775350106,Male
CG9649,-0.6692785,0.06431627,0.49433284775350106,Male
Hmx,-0.4211154,0.064707,0.49433284775350106,Male
Rh5,-2.3998299,0.064798884,0.49433284775350106,Male
Appl,-0.21610928,0.06499309,0.49433284775350106,Male
robo2,0.6350584,0.06517248,0.49433284775350106,Male
rols,-0.5639429,0.06529721,0.49433284775350106,Male
Mmp1,1.0348291,0.06535097,0.49433284775350106,Male
Cyp9b2,-0.46712112,0.065584965,0.49433284775350106,Male
CG14137,-0.3494625,0.06663465,0.49433284775350106,Male
hig,-0.20960236,0.067063086,0.49433284775350106,Male
se,-2.8808012,0.06717463,0.49433284775350106,Male
CG34377,-0.97211194,0.06731719,0.49433284775350106,Male
CG6656,-1.1744695,0.06735839,0.49433284775350106,Male
CG5687,0.75357723,0.06763343,0.49433284775350106,Male
Fbp,-0.77175546,0.0676383,0.49433284775350106,Male
GstE12,-0.8571482,0.067712136,0.49433284775350106,Male
Miox,0.56754255,0.06788275,0.49433284775350106,Male
ptc,-0.31412435,0.068218745,0.49472685884838263,Male
tsl,-0.9791901,0.069268025,0.49947228978891844,Male
Epac,-0.44094658,0.0694423,0.49947228978891844,Male
Col4a1,0.72057486,0.06980768,0.5000509145308514,Male
VAChT,-0.4809847,0.070403896,0.5022716987423781,Male
pdgy,0.6616163,0.07103077,0.5039345535577512,Male
disco,0.3589487,0.07165317,0.5039345535577512,Male
CG10660,0.6818762,0.07165729,0.5039345535577512,Male
frm,0.6136439,0.07207705,0.5039345535577512,Male
CG4592,-0.75179076,0.07228989,0.5039345535577512,Male
CG34134,-0.64024544,0.07243877,0.5039345535577512,Male
rdgA,-0.42228222,0.07284749,0.5039345535577512,Male
CG7675,-2.9337676,0.073019646,0.5039345535577512,Male
CG17121,-0.8103955,0.07322126,0.5039345535577512,Male
CG4716,-1.1702137,0.07363724,0.50481778383255,Male
Rh3,-2.6715775,0.0739859,0.5050383575202883,Male
CG17193,-0.5645814,0.07424495,0.5050383575202883,Male
CG17919,-0.4206134,0.075132266,0.5059349727268001,Male
cv-c,-0.21721077,0.0752877,0.5059349727268001,Male
Sox21b,-0.32605267,0.0753323,0.5059349727268001,Male
CG34384,-0.24892807,0.075591505,0.5059349727268001,Male
CG33178,-1.390523,0.07581817,0.5059349727268001,Male
CG42331,-0.7685081,0.07635449,0.5066296847361439,Male
Wnt10,-0.20301914,0.07649964,0.5066296847361439,Male
Pgls,-0.8216858,0.07718933,0.5092754507423344,Male
CG10311,-0.5196414,0.0778157,0.5102071726894026,Male
aay,-0.13231087,0.07794011,0.5102071726894026,Male
CG10939,-0.6298132,0.07823082,0.5102071726894026,Male
cv-d,0.3084507,0.07853328,0.5102071726894026,Male
lncRNA:CR43334,0.69567394,0.07878413,0.5102071726894026,Male
Ugt301D1,-0.40373755,0.0797546,0.5134162643328816,Male
Mal-B2,-0.1808331,0.08028669,0.5134162643328816,Male
Cyp12e1,0.5276654,0.08067697,0.5134162643328816,Male
CG14132,-2.342963,0.080716394,0.5134162643328816,Male
Rac2,0.8105898,0.080841,0.5134162643328816,Male
lncRNA:CR44517,-0.050195217,0.08135906,0.5134162643328816,Male
Jheh3,-0.38400507,0.08139817,0.5134162643328816,Male
lncRNA:CR44331,-0.7060238,0.082151525,0.5134162643328816,Male
SiaT,0.60201454,0.08245513,0.5134162643328816,Male
vkg,0.63563347,0.08307387,0.5134162643328816,Male
DIP-eta,-0.5567465,0.08315716,0.5134162643328816,Male
msi,0.18948364,0.08336686,0.5134162643328816,Male
pinta,-0.81661415,0.083657846,0.5134162643328816,Male
GstE6,-0.506248,0.08380532,0.5134162643328816,Male
beat-Ic,0.27937984,0.08402272,0.5134162643328816,Male
lncRNA:CR43264,1.7713275,0.085078016,0.5134162643328816,Male
CG13272,-1.265151,0.085293874,0.5134162643328816,Male
CG13117,-2.2975104,0.085365094,0.5134162643328816,Male
asRNA:CR44370,-1.7367082,0.085577585,0.5134162643328816,Male
CG9743,0.7497926,0.08559396,0.5134162643328816,Male
CG15236,-0.3702507,0.08559469,0.5134162643328816,Male
inaF-B,-0.8626137,0.0859199,0.5134162643328816,Male
hui,-1.8868883,0.0860082,0.5134162643328816,Male
pkm,-2.2081852,0.087393954,0.5164511080570858,Male
Sodh1,-2.483585,0.08764875,0.5164511080570858,Male
Had1,-0.71748567,0.08772551,0.5164511080570858,Male
pb,0.26440716,0.0877711,0.5164511080570858,Male
PGRP-LB,-0.21687174,0.08870494,0.5164511080570858,Male
PGRP-SA,-0.68814516,0.08907714,0.5164511080570858,Male
asRNA:CR45376,-1.5079336,0.08956033,0.5164511080570858,Male
lncRNA:CR45457,-1.0754713,0.09058035,0.5164511080570858,Male
trp,-1.603363,0.090734795,0.5164511080570858,Male
CG4842,-2.6099467,0.090912096,0.5164511080570858,Male
Hs3st-A,-0.27289772,0.0910597,0.5164511080570858,Male
Myo81F,0.36806202,0.09110972,0.5164511080570858,Male
UQCR-11L,-0.616199,0.091273904,0.5164511080570858,Male
CG14780,-0.904264,0.09130508,0.5164511080570858,Male
CG8547,-0.282228,0.09141207,0.5164511080570858,Male
CG4462,0.4403062,0.09182884,0.5164511080570858,Male
CG30480,-0.6885761,0.0921888,0.5164511080570858,Male
CG10947,-0.47189808,0.092454724,0.5164511080570858,Male
CG31869,-0.34833622,0.092813104,0.5164511080570858,Male
glec,0.3841753,0.094618045,0.5164511080570858,Male
CG11400,-0.88822937,0.094883956,0.5164511080570858,Male
tup,-0.56714725,0.094992176,0.5164511080570858,Male
CHKov1,0.27246475,0.09516752,0.5164511080570858,Male
GEFmeso,0.64119387,0.09518126,0.5164511080570858,Male
Act79B,2.0743866,0.095290884,0.5164511080570858,Male
yellow-f,-0.07023728,0.09561268,0.5164511080570858,Male
PPO2,1.7777572,0.09595182,0.5164511080570858,Male
Tsp42Ed,-0.36438847,0.09601409,0.5164511080570858,Male
Cyp6d5,-0.6982379,0.09630272,0.5164511080570858,Male
CG42541,-0.6184368,0.09633239,0.5164511080570858,Male
CG32855,-0.6269189,0.09640558,0.5164511080570858,Male
CG34417,0.66961193,0.096413985,0.5164511080570858,Male
kon,0.27531934,0.09648604,0.5164511080570858,Male
Mdr65,0.9028034,0.09673313,0.5164511080570858,Male
CG13071,-2.3612578,0.09681619,0.5164511080570858,Male
AnxB9,0.32343674,0.09753201,0.5167190505935623,Male
Nepl11,-1.0342917,0.097820304,0.5167190505935623,Male
prt,-0.5745759,0.09791226,0.5167190505935623,Male
Hug,2.4152884,0.09804413,0.5167190505935623,Male
CG43107,0.3801751,0.09873295,0.5183607018512228,Male
Fer1,-0.3963318,0.09935731,0.5183607018512228,Male
Arr1,-1.5120678,0.099755935,0.5183607018512228,Male
Cyp4s3,-0.2603445,0.10026215,0.5183607018512228,Male
para,-0.25708103,0.100425616,0.5183607018512228,Male
smp-30,-0.71051264,0.10063973,0.5183607018512228,Male
Sk1,0.4637859,0.10114596,0.5183607018512228,Male
CG14086,-0.4685595,0.101219855,0.5183607018512228,Male
lncRNA:CR44831,0.86415434,0.10140971,0.5183607018512228,Male
fd59A,-0.4772792,0.10175226,0.5183607018512228,Male
CG4991,0.6884451,0.101875946,0.5183607018512228,Male
lncRNA:CR45243,0.44254184,0.10189997,0.5183607018512228,Male
lncRNA:CR46024,-0.5121106,0.102366626,0.5190918054957848,Male
pr,-0.8322325,0.10272746,0.5190918054957848,Male
CG13315,-0.6773062,0.10314725,0.5190918054957848,Male
ninaE,-1.6774883,0.103453085,0.5190918054957848,Male
CG45263,-0.47586155,0.10363981,0.5190918054957848,Male
Tie,-1.0498046,0.10393957,0.5190918054957848,Male
CG13950,-0.45609486,0.10420486,0.5190918054957848,Male
CG13003,0.7023804,0.1045707,0.5190918054957848,Male
Hpd,-1.5575719,0.1047057,0.5190918054957848,Male
KFase,-0.4438672,0.105119504,0.5196752843722491,Male
CG15473,0.83229005,0.105555974,0.5203672259041433,Male
Pde1c,-0.41619968,0.10598803,0.5210336209679184,Male
MtnA,0.70199203,0.10743359,0.5234374170717986,Male
CG10702,0.528141,0.10745098,0.5234374170717986,Male
CG14331,0.88091207,0.10751655,0.5234374170717986,Male
Obp19d,-2.9090354,0.10773876,0.5234374170717986,Male
boss,-1.2328148,0.10862365,0.5234374170717986,Male
Skel,-1.229048,0.10883032,0.5234374170717986,Male
Inos,-0.33984327,0.108879514,0.5234374170717986,Male
yellow-b,-0.34056056,0.10892959,0.5234374170717986,Male
loco,0.19479942,0.10967209,0.5234374170717986,Male
Gr28b,1.1628145,0.10969865,0.5234374170717986,Male
CG6870,-2.6615057,0.10975782,0.5234374170717986,Male
CG3505,-0.62684155,0.11015966,0.5239300818301151,Male
CG1688,-0.16283512,0.11261342,0.5276188510703538,Male
Best2,-1.7110941,0.1127699,0.5276188510703538,Male
ct,0.29987717,0.113151096,0.5276188510703538,Male
Tmtc2,-0.48765373,0.11322254,0.5276188510703538,Male
CG5001,-0.33433294,0.11327824,0.5276188510703538,Male
CG8401,2.5522094,0.11330996,0.5276188510703538,Male
lncRNA:CR44738,-0.64050555,0.1136859,0.5276188510703538,Male
beat-VII,-0.3336792,0.11373598,0.5276188510703538,Male
CG14253,0.39779377,0.11376307,0.5276188510703538,Male
CG40485,-1.6184354,0.11394162,0.5276188510703538,Male
salr,0.3249159,0.114258476,0.5276937384354441,Male
bi,0.275774,0.11469853,0.528335731486323,Male
lncRNA:CR44187,-0.8132179,0.115754664,0.529577485213043,Male
lncRNA:CR44366,-1.2648487,0.11598873,0.529577485213043,Male
Gp150,-0.41753817,0.116421506,0.529577485213043,Male
Muc68D,3.1765828,0.11687724,0.529577485213043,Male
Jhbp5,-1.8903075,0.11718546,0.529577485213043,Male
CG14795,0.39903498,0.1178543,0.529577485213043,Male
Oatp74D,0.6234536,0.117892325,0.529577485213043,Male
CG6409,-1.459527,0.119163826,0.529577485213043,Male
ci,0.085671425,0.119738795,0.529577485213043,Male
inaD,-1.3214679,0.12012866,0.529577485213043,Male
lncRNA:CR34335,1.3491821,0.120483525,0.529577485213043,Male
bsh,-0.5569644,0.12050908,0.529577485213043,Male
lncRNA:noe,0.32766724,0.120819114,0.529577485213043,Male
eys,-0.2231636,0.12119982,0.529577485213043,Male
Mms19,-0.45631886,0.121447906,0.529577485213043,Male
Taldo,-0.5409136,0.121920526,0.529577485213043,Male
CG7054,-0.49953198,0.12194589,0.529577485213043,Male
Npc2b,-0.95824623,0.122477695,0.529577485213043,Male
CG11426,0.37283134,0.12253154,0.529577485213043,Male
CG34220,3.407298,0.12281366,0.529577485213043,Male
Nans,-0.80310225,0.1231092,0.529577485213043,Male
Galphai,0.6082201,0.12326503,0.529577485213043,Male
Tsp42Eg,-1.1088265,0.123560406,0.529577485213043,Male
blo,-0.4070034,0.12380839,0.529577485213043,Male
fus,-1.04472,0.124049656,0.529577485213043,Male
Gcst,-1.2256458,0.12428932,0.529577485213043,Male
Ilp3,2.7014043,0.12496923,0.529577485213043,Male
CG42846,-0.31819403,0.12525566,0.529577485213043,Male
Tk,-0.526968,0.1256258,0.529577485213043,Male
Tollo,0.50676537,0.1263002,0.529577485213043,Male
Bx,-0.30252266,0.12634994,0.529577485213043,Male
CG42402,-0.41550255,0.12637421,0.529577485213043,Male
lncRNA:CR44718,-0.54686606,0.12646629,0.529577485213043,Male
aop,-0.10740852,0.12648453,0.529577485213043,Male
BomBc3,-0.740896,0.12673667,0.529577485213043,Male
erm,-0.5881648,0.12686378,0.529577485213043,Male
lncRNA:CR45440,0.4004295,0.12687165,0.529577485213043,Male
CG11438,-1.0903074,0.12688424,0.529577485213043,Male
lncRNA:CR44500,0.57426906,0.12702614,0.529577485213043,Male
Dop1R2,-0.43959332,0.12718217,0.529577485213043,Male
CG14615,-0.3229574,0.12761348,0.529577485213043,Male
CG32512,-0.29189062,0.12764175,0.529577485213043,Male
UK114,-0.7055967,0.12817281,0.5305266110402234,Male
Fbxl7,-0.9298481,0.12881647,0.5319362505744485,Male
heca,0.16780949,0.12934339,0.5327706973502452,Male
CG30116,-0.40890884,0.1296257,0.5327706973502452,Male
CG31300,-0.44388342,0.12995498,0.5328761305764457,Male
CG9498,-0.5283743,0.13064167,0.5344431772654429,Male
toy,-0.48133564,0.13133864,0.5360449147778888,Male
CG15459,1.3226933,0.13207938,0.5364546885688184,Male
CG34136,-0.35715103,0.13226439,0.5364546885688184,Male
Cyp311a1,-0.5143068,0.13246773,0.5364546885688184,Male
AdamTS-B,0.9446931,0.13266173,0.5364546885688184,Male
igl,-0.38641548,0.13322209,0.537482215618265,Male
bou,-1.0706735,0.13418087,0.5390609287288151,Male
Nckx30C,-0.5054569,0.13422771,0.5390609287288151,Male
Nepl21,-1.0087311,0.1350085,0.539213076504794,Male
Sox14,0.19265938,0.1351802,0.539213076504794,Male
CG5080,-1.1774607,0.13518733,0.539213076504794,Male
VGlut1,-0.34532452,0.13638577,0.542053567877722,Male
Tpp,0.34377384,0.1365172,0.542053567877722,Male
CG17490,0.22207952,0.13687037,0.5422291292832075,Male
CG32017,-0.4410305,0.13769586,0.543644721197975,Male
shakB,-0.31252098,0.13786714,0.543644721197975,Male
GV1,-1.0963433,0.13815701,0.543644721197975,Male
CG42578,0.5772829,0.1385444,0.5439494770911982,Male
CG14301,0.3866608,0.13917036,0.5442494710286458,Male
Vha68-2,0.40600777,0.13946076,0.5442494710286458,Male
Ncc69,-0.41754913,0.13955115,0.5442494710286458,Male
CG42319,0.4619248,0.1402319,0.5456917840995704,Male
Scp2,-0.42208767,0.14117092,0.5458539604620122,Male
Pcyt2,0.5874419,0.14144145,0.5458539604620122,Male
Cpr51A,-0.65618217,0.1416984,0.5458539604620122,Male
CG12814,-0.46639395,0.14188087,0.5458539604620122,Male
CG34166,-1.2095823,0.14211176,0.5458539604620122,Male
NT5E-2,0.22833514,0.14214686,0.5458539604620122,Male
Rh6,-2.4472523,0.14245078,0.5458539604620122,Male
CG10799,-0.85353184,0.14499442,0.5533506738857961,Male
peb,-0.9039211,0.14505067,0.5533506738857961,Male
DIP-epsilon,-0.60812664,0.1458177,0.5533506738857961,Male
Wnt4,-0.31989193,0.14665012,0.5533506738857961,Male
Sirup,0.40540886,0.14693384,0.5533506738857961,Male
lncRNA:CR45223,-0.5462408,0.14871152,0.5533506738857961,Male
goe,0.34779978,0.14873496,0.5533506738857961,Male
CPT2,-0.3955511,0.14930819,0.5533506738857961,Male
CG31103,-1.218503,0.1494494,0.5533506738857961,Male
lz,-0.5935712,0.1498875,0.5533506738857961,Male
CG3246,-0.18392181,0.150292,0.5533506738857961,Male
CG10184,-0.52743673,0.15033811,0.5533506738857961,Male
ACXC,-1.0197561,0.15075406,0.5533506738857961,Male
CG9467,-0.33406448,0.15078329,0.5533506738857961,Male
SoYb,-0.9094758,0.15114512,0.5533506738857961,Male
CG14989,-0.3383417,0.15126725,0.5533506738857961,Male
beta-Man,0.7609174,0.15133058,0.5533506738857961,Male
Imp,0.7636719,0.15158446,0.5533506738857961,Male
CG15082,0.166924,0.15214017,0.5533506738857961,Male
Chpf,0.52664757,0.15263084,0.5533506738857961,Male
CG12655,-0.4161067,0.1529229,0.5533506738857961,Male
Adcy1,-0.12701702,0.1529741,0.5533506738857961,Male
trpl,-1.6669331,0.15300965,0.5533506738857961,Male
Cpr73D,-0.70434713,0.15361881,0.5533506738857961,Male
CG14459,-0.71672535,0.15362945,0.5533506738857961,Male
Mp,-0.2652626,0.15366486,0.5533506738857961,Male
CG5577,-0.43858767,0.15446235,0.5533506738857961,Male
ab,-0.12691307,0.15488085,0.5533506738857961,Male
Ret,-0.6296866,0.15501015,0.5533506738857961,Male
Pka-C1,-0.27009106,0.15542963,0.5533506738857961,Male
Con,0.2380104,0.15556532,0.5533506738857961,Male
CG4607,0.2978115,0.15605362,0.5533506738857961,Male
CG7860,-1.0104623,0.1565409,0.5533506738857961,Male
FER,0.15243387,0.15673535,0.5533506738857961,Male
Rh4,-3.7702122,0.15682434,0.5533506738857961,Male
Ddc,-0.4850359,0.15685034,0.5533506738857961,Male
kug,-0.37720585,0.15727113,0.5533506738857961,Male
CG13053,1.917861,0.15735093,0.5533506738857961,Male
nec,0.4585042,0.15738794,0.5533506738857961,Male
Cpr62Bb,-1.5815433,0.15750061,0.5533506738857961,Male
28SrRNA-Psi:CR41609,-1.7181242,0.15772215,0.5533506738857961,Male
CG34208,0.33126736,0.15791354,0.5533506738857961,Male
bru3,-0.3148737,0.1582599,0.5533506738857961,Male
Achl,-0.7023387,0.15899271,0.5533506738857961,Male
GstD10,-0.86272764,0.15915123,0.5533506738857961,Male
crb,-0.522872,0.15944168,0.5533506738857961,Male
mub,-0.3362522,0.15955725,0.5533506738857961,Male
ogre,0.4838934,0.15962745,0.5533506738857961,Male
CG13133,-1.77711,0.15996492,0.5533506738857961,Male
Cda5,-0.34700537,0.16017216,0.5533506738857961,Male
CG42540,-0.3749733,0.16067114,0.5534396701388888,Male
pio,-1.2358081,0.16097039,0.5534396701388888,Male
CG14933,0.61564636,0.16153024,0.5534396701388888,Male
CG4328,-0.20533895,0.16162279,0.5534396701388888,Male
Lmpt,-0.13655281,0.16177467,0.5534396701388888,Male
Octbeta1R,-0.33855343,0.16240248,0.5534551683200858,Male
PGRP-LC,-0.7080318,0.16269845,0.5534551683200858,Male
CG32091,0.69796324,0.16295654,0.5534551683200858,Male
CG13124,0.3196144,0.16304064,0.5534551683200858,Male
Dpp10,-0.47774696,0.16402325,0.5549571010044643,Male
klg,-0.36688042,0.16433226,0.5549571010044643,Male
CG6503,-0.4808588,0.16496608,0.5549571010044643,Male
Obp99c,-0.72239685,0.16503637,0.5549571010044643,Male
CG42326,-0.38197267,0.16538242,0.5549571010044643,Male
Gasp,-0.82207334,0.16575907,0.5549571010044643,Male
N,0.7064438,0.16591631,0.5549571010044643,Male
Inx3,-0.32606125,0.16601281,0.5549571010044643,Male
Ets98B,-0.89000964,0.16645695,0.5553839505851949,Male
Rh7,-0.49464226,0.16700163,0.5561439470729068,Male
SPR,0.4926958,0.16772379,0.5569392242143195,Male
Grd,-0.6374121,0.16787513,0.5569392242143195,Male
CG31213,-0.75568736,0.16832086,0.5573643522442512,Male
Dscam3,-0.18278503,0.16892175,0.5577065030434974,Male
Mlc2,-0.9479675,0.16905975,0.5577065030434974,Male
Pkg21D,-0.7248837,0.16945684,0.5577727873676094,Male
Muc12Ea,-0.26494026,0.17005682,0.5577727873676094,Male
Eip63F-1,-0.47732735,0.17040978,0.5577727873676094,Male
CG44153,-0.5424595,0.17041954,0.5577727873676094,Male
Gbp1,-0.86664534,0.17066894,0.5577727873676094,Male
CG34331,-1.717402,0.17142321,0.5583383838702923,Male
Hasp,-0.30631924,0.17163126,0.5583383838702923,Male
bbc,-0.2882185,0.17210534,0.5583383838702923,Male
CG17739,-0.5052376,0.17211457,0.5583383838702923,Male
TotX,-1.2022225,0.17270696,0.5589436960744334,Male
CG4733,-0.6221554,0.17303002,0.5589436960744334,Male
GNBP2,-0.8701941,0.1733438,0.5589436960744334,Male
CG31199,-0.8830131,0.17359135,0.5589436960744334,Male
peg,0.3037238,0.17389359,0.5589436960744334,Male
CG15202,-0.63050246,0.17510746,0.5612949440696022,Male
CG9372,-1.0147514,0.17536895,0.5612949440696022,Male
CG12256,-0.64410245,0.17572156,0.5612949440696022,Male
ap,-0.60650635,0.1759044,0.5612949440696022,Male
CG5906,-0.6186347,0.17674012,0.5621306930763134,Male
CG8012,-0.9063649,0.17680693,0.5621306930763134,Male
Tbh,-0.14374924,0.17753582,0.5624272315510774,Male
myo,-0.12554455,0.17754114,0.5624272315510774,Male
Gad1,-0.3480091,0.17849244,0.5643643515450614,Male
Elovl7,-0.67867863,0.17927569,0.5643643515450614,Male
Dhfr,-0.6304233,0.17964603,0.5643643515450614,Male
pHCl-1,-0.46866608,0.17981008,0.5643643515450614,Male
CG32801,-1.0539862,0.18007809,0.5643643515450614,Male
Tep4,-1.3509146,0.18008207,0.5643643515450614,Male
PH4alphaNE1,-0.3996806,0.18085696,0.5648033479673673,Male
sxe2,-2.2003207,0.1809367,0.5648033479673673,Male
wgn,0.26417494,0.18162856,0.5648033479673673,Male
bma,-0.29691124,0.18172151,0.5648033479673673,Male
Ms,0.8205242,0.18183127,0.5648033479673673,Male
Dip-B,0.39584446,0.18287182,0.5665733751607651,Male
retinin,-2.8613076,0.18305306,0.5665733751607651,Male
CG43689,0.38971806,0.18338892,0.5665733751607651,Male
CG3308,-0.43611336,0.18412247,0.5665733751607651,Male
stl,0.32117748,0.18425743,0.5665733751607651,Male
bnl,-0.30424833,0.18433812,0.5665733751607651,Male
CG9072,-1.337917,0.18597049,0.5694660219938859,Male
Tret1,0.7358303,0.18632522,0.5694660219938859,Male
CG31262,-0.54654217,0.18641059,0.5694660219938859,Male
scrt,-0.41235542,0.18657719,0.5694660219938859,Male
Nplp1,-0.4206524,0.18707891,0.5700060526529948,Male
CG13606,-1.6117492,0.18782662,0.5708910185715248,Male
CG15096,-0.8397511,0.18803123,0.5708910185715248,Male
Sesn,0.10347366,0.18864274,0.5708910185715248,Male
Oda,-0.29817963,0.18867053,0.5708910185715248,Male
lncRNA:CR43423,0.38702714,0.18963341,0.5726125920351428,Male
CG6834,0.56714916,0.18989204,0.5726125920351428,Male
CG18473,-0.90191436,0.19140786,0.5761934937989118,Male
CG13739,0.26104927,0.19221623,0.5762983719236615,Male
MFS14,0.82880545,0.19224648,0.5762983719236615,Male
CG32687,-1.3961306,0.19242783,0.5762983719236615,Male
CG7509,-0.68185616,0.19399941,0.5780752925549524,Male
alpha-Est3,-0.6646186,0.1940457,0.5780752925549524,Male
CG11686,-0.5041249,0.19430783,0.5780752925549524,Male
RpL41,0.63238525,0.19433871,0.5780752925549524,Male
CG7341,-0.5854182,0.19599845,0.5820258280952569,Male
CNMa,-1.3983004,0.19639619,0.5822217786634291,Male
BomS3,-0.39420366,0.19757949,0.582869971358536,Male
Obp8a,-0.466604,0.19762355,0.582869971358536,Male
dati,-0.22913265,0.19785476,0.582869971358536,Male
CG14696,0.2085061,0.1979433,0.582869971358536,Male
D,-0.5373564,0.19846296,0.583421256673995,Male
Proc,0.42230415,0.19920893,0.5840584017796588,Male
Cpn,-1.2941701,0.19934529,0.5840584017796588,Male
Pdf,4.210936,0.20018356,0.5847741313946999,Male
trbl,0.33150303,0.20041038,0.5847741313946999,Male
CG1208,-0.57959867,0.2005892,0.5847741313946999,Male
CG40486,-1.7071557,0.20162638,0.5863067626953125,Male
CG17574,-0.48734093,0.20213579,0.5863067626953125,Male
Octalpha2R,-0.43217468,0.202879,0.5863067626953125,Male
CG2157,-0.53079486,0.2030919,0.5863067626953125,Male
drd,-0.4145844,0.20315212,0.5863067626953125,Male
elg1,0.38023376,0.20350812,0.5863067626953125,Male
CG5493,-0.21905279,0.203616,0.5863067626953125,Male
CG43078,-0.27888966,0.20378754,0.5863067626953125,Male
CG5062,-0.80612457,0.20450793,0.5869728646627287,Male
scaf,-0.34906387,0.20475033,0.5869728646627287,Male
Ugt35C1,0.7316196,0.20534232,0.5869728646627287,Male
lncRNA:CR45156,-0.6146568,0.20544505,0.5869728646627287,Male
Kaz1-ORFB,0.43597817,0.20569135,0.5869728646627287,Male
spab,-0.41352654,0.20620032,0.587332271835179,Male
CG6040,-0.29602957,0.20661283,0.587332271835179,Male
CG3168,0.4499178,0.20682128,0.587332271835179,Male
lncRNA:CR43650,-0.98176134,0.20741934,0.5875422528400513,Male
NimC1,-0.680174,0.20789875,0.5875422528400513,Male
lncRNA:CR45808,-0.69584167,0.20789957,0.5875422528400513,Male
Prat2,-1.7543752,0.20887093,0.5893383946066117,Male
asRNA:CR44065,-0.37119222,0.20951486,0.5902063850415078,Male
GNBP-like3,-0.6486621,0.21007156,0.5908262790777744,Male
CG32354,-0.4686494,0.211644,0.5921192199416848,Male
ninaB,-0.8590412,0.2123749,0.5921192199416848,Male
Rab23,-0.35244393,0.21246323,0.5921192199416848,Male
CG43114,0.87583685,0.21262836,0.5921192199416848,Male
asRNA:CR44981,-0.7307663,0.21268244,0.5921192199416848,Male
Nos,-0.34912872,0.21288572,0.5921192199416848,Male
CG31176,0.7804651,0.21289301,0.5921192199416848,Male
lncRNA:CR45522,-0.32739383,0.2137683,0.5936129123349733,Male
CG7966,0.5784595,0.21416688,0.5937802283119816,Male
CG4783,1.7359504,0.21515556,0.5948234978623278,Male
hry,0.71428204,0.21522103,0.5948234978623278,Male
jdp,-0.27482224,0.21557914,0.594876415324661,Male
CG42764,-0.60364664,0.21744178,0.5990742873546654,Male
sals,-0.14685154,0.21785007,0.5991071005569004,Male
salm,0.2280674,0.21813643,0.5991071005569004,Male
beat-Ia,-0.4410076,0.21868762,0.5996824741363526,Male
HP1e,-0.84391934,0.21977952,0.601263161951424,Male
lncRNA:CR44854,-0.6363754,0.2202418,0.601263161951424,Male
CG10680,-0.3364452,0.22029185,0.601263161951424,Male
CG10514,-0.4375615,0.22146107,0.6026885749757752,Male
ey,-0.39003468,0.22150093,0.6026885749757752,Male
CG17292,-0.2984283,0.22209515,0.6033699342709946,Male
IA-2,-0.2705984,0.22289233,0.6040324458369503,Male
CG31921,-0.93814635,0.22302736,0.6040324458369503,Male
sm,-0.2841854,0.22412662,0.6060743052713309,Male
dpy,-2.2119594,0.22509962,0.6077689772385817,Male
Tsf1,-0.595098,0.227025,0.6120259509108583,Male
CG7409,-0.65360594,0.22825289,0.6143923800415788,Male
CG3597,-0.46605122,0.22973266,0.6174285094186687,Male
unc-13-4A,-0.20941353,0.2321082,0.6228591965608276,Male
nemy,-0.08322334,0.23290639,0.6240468731363311,Male
Ac76E,-0.40985775,0.23379752,0.6254796284001048,Male
lncRNA:CR43126,-0.5684619,0.23483357,0.6272951355444968,Male
Chd64,-0.5332403,0.2356803,0.6277001362164334,Male
CG9689,-0.7016845,0.23622316,0.6277001362164334,Male
CG8501,-0.8860714,0.23625419,0.6277001362164334,Male
LpR2,-0.14020348,0.23641583,0.6277001362164334,Male
Vajk4,-1.021276,0.23750138,0.6296298208553626,Male
CG11294,-0.64406633,0.23882124,0.6312437773466826,Male
CG14556,-0.8035607,0.23934814,0.6312437773466826,Male
CG4301,0.38736725,0.23951481,0.6312437773466826,Male
Zasp67,0.33428335,0.23954892,0.6312437773466826,Male
blow,-0.30323505,0.23993027,0.6313008046757871,Male
RluA-1,-0.40770054,0.2412026,0.6323853871707833,Male
Invadolysin,-0.16726875,0.24153775,0.6323853871707833,Male
GstS1,-0.49248505,0.24172725,0.6323853871707833,Male
CG15539,-0.56476545,0.24280496,0.6323853871707833,Male
DIP-alpha,-0.1994381,0.24286033,0.6323853871707833,Male
scyl,-0.20558548,0.24319787,0.6323853871707833,Male
CG11147,-1.2721033,0.24321273,0.6323853871707833,Male
Vsx1,-0.42458296,0.24360254,0.6323853871707833,Male
Npc2a,-0.7911706,0.24372786,0.6323853871707833,Male
CG13376,0.6389034,0.24501744,0.6323853871707833,Male
CG12594,-0.18245411,0.24522913,0.6323853871707833,Male
lncRNA:CR46006,-0.35736084,0.24554892,0.6323853871707833,Male
hth,-0.19257832,0.24590114,0.6323853871707833,Male
Acox57D-p,0.21226501,0.2465834,0.6323853871707833,Male
CG15611,0.36896563,0.24684007,0.6323853871707833,Male
Cyp305a1,-0.41455102,0.24694906,0.6323853871707833,Male
CG43675,-0.42849886,0.24696998,0.6323853871707833,Male
y,1.0317516,0.24700925,0.6323853871707833,Male
CG7737,-0.36672688,0.2473951,0.6323853871707833,Male
lncRNA:CR46004,-0.4208541,0.24754915,0.6323853871707833,Male
CG10237,-0.77460885,0.24860598,0.6341038963009167,Male
beat-VI,-0.3767643,0.24895635,0.6341038963009167,Male
Nlg3,-0.39618587,0.24955331,0.6341038963009167,Male
CG32110,-0.49382663,0.2498813,0.6341038963009167,Male
ckd,0.38773942,0.25002843,0.6341038963009167,Male
Mf,-1.1376822,0.250891,0.6348041017735726,Male
CG9928,-0.31335115,0.25102794,0.6348041017735726,Male
Optix,0.1562872,0.2514314,0.6349095186741232,Male
CG15673,0.0404253,0.25297102,0.6374546746099354,Male
ck,0.22207594,0.25316575,0.6374546746099354,Male
eater,-0.56155884,0.25477695,0.639839314254739,Male
GluRIB,0.10949707,0.25484198,0.639839314254739,Male
CG32373,-0.57720566,0.25538263,0.6399082069560227,Male
CG31710,-0.4074316,0.25559866,0.6399082069560227,Male
Jhbp1,-0.49228096,0.2566881,0.6417202419704862,Male
Lsd-1,-0.92268944,0.2576009,0.6426944813829787,Male
Syb,-0.25499105,0.25787693,0.6426944813829787,Male
tx,-1.3332894,0.25817642,0.6426944813829787,Male
Ugt49B1,0.3280058,0.2586766,0.6429824829101562,Male
CG14762,-0.31406593,0.2590933,0.6429824829101562,Male
BBS4,-0.24074078,0.25939122,0.6429824829101562,Male
CG34045,0.18670201,0.2600929,0.6432892146157481,Male
baz,-0.8353276,0.26059788,0.6432892146157481,Male
CG41378,-1.4733152,0.2606146,0.6432892146157481,Male
lncRNA:CR45456,-1.33835,0.26103967,0.6434334744228406,Male
CG13337,-0.5346408,0.2620523,0.6442529211511145,Male
CG34227,-2.2729852,0.26224756,0.6442529211511145,Male
CG13631,-0.46444082,0.2624734,0.6442529211511145,Male
Lsd-2,0.7292347,0.2629033,0.6444068354601301,Male
Cbp53E,0.52896214,0.2635589,0.6451127864991937,Male
Ance-5,-0.9247649,0.26525941,0.6480013127176109,Male
Hsp26,-0.32391834,0.2659527,0.6480013127176109,Male
zyd,0.6211252,0.2661437,0.6480013127176109,Male
ken,0.66548824,0.26637474,0.6480013127176109,Male
lama,0.3642683,0.26697248,0.6480013127176109,Male
Ac13E,-0.34720802,0.26773056,0.6480013127176109,Male
Ag5r,-0.27853775,0.26788568,0.6480013127176109,Male
Ilp5,3.4864964,0.26805228,0.6480013127176109,Male
Irk1,0.2568016,0.26830938,0.6480013127176109,Male
CG13168,-0.41080046,0.2684313,0.6480013127176109,Male
Akr2E3,-0.5304918,0.26938695,0.6494149428147536,Male
lncRNA:CR46003,-0.5537195,0.26998115,0.6499546296966092,Male
nkd,0.29399014,0.27106065,0.6511347362346102,Male
Hsp67Bc,-0.14644003,0.27121338,0.6511347362346102,Male
wal,-0.28530455,0.2721042,0.6519619547526042,Male
Spn47C,-0.829383,0.27256355,0.6519619547526042,Male
CG14629,-0.46425056,0.2729538,0.6519619547526042,Male
Or13a,-0.4616084,0.27391592,0.6519619547526042,Male
nerfin-2,-0.24840069,0.27394813,0.6519619547526042,Male
Ace,-0.32375145,0.2745765,0.6519619547526042,Male
CG12065,-0.42726278,0.27459544,0.6519619547526042,Male
CG42342,-0.19726276,0.27541265,0.6519619547526042,Male
CG1468,0.52063894,0.27556974,0.6519619547526042,Male
sls,-1.803766,0.2757815,0.6519619547526042,Male
Snmp1,-0.1810131,0.27592093,0.6519619547526042,Male
CG10257,-0.38680553,0.2770327,0.6519619547526042,Male
jus,-0.35432243,0.27722922,0.6519619547526042,Male
TwdlW,0.69811654,0.27738714,0.6519619547526042,Male
ss,-0.7755189,0.27739745,0.6519619547526042,Male
CG33296,1.0922924,0.27787912,0.6519619547526042,Male
CG5346,-0.3516481,0.27821195,0.6519619547526042,Male
AsnS,0.35258102,0.2783062,0.6519619547526042,Male
TTLL6A,-1.0360031,0.27861622,0.6519619547526042,Male
gbb,-0.30379653,0.2795492,0.6532741094556217,Male
mt:lrRNA,-0.6871033,0.28019872,0.6537632429267306,Male
Sox102F,-0.39171696,0.28050354,0.6537632429267306,Male
lncRNA:CR45820,-1.018404,0.28207272,0.6556066647924558,Male
Cyt-b5-r,-0.4793675,0.28214934,0.6556066647924558,Male
scaRNA:MeU5-C46,0.044834733,0.28276944,0.6556066647924558,Male
mgl,0.11317825,0.2836828,0.6556066647924558,Male
Jhbp13,-1.4211462,0.2841399,0.6556066647924558,Male
CG9338,0.3865254,0.28419828,0.6556066647924558,Male
CG43795,-0.3403864,0.2845593,0.6556066647924558,Male
nAChRalpha7,-0.24279499,0.28505835,0.6556066647924558,Male
CG31997,-0.4057312,0.28625056,0.6556066647924558,Male
CG6310,-0.32269764,0.2863054,0.6556066647924558,Male
Tep1,-0.48402262,0.28642893,0.6556066647924558,Male
TkR99D,-0.36992788,0.28651223,0.6556066647924558,Male
CG44195,-1.1680355,0.28681892,0.6556066647924558,Male
su(r),0.34695506,0.28796792,0.6556066647924558,Male
CG16978,-1.2072246,0.28824207,0.6556066647924558,Male
CtsK2,-0.20621109,0.28828365,0.6556066647924558,Male
CG8586,-0.5943546,0.28954285,0.6556066647924558,Male
Obp69a,-1.1332155,0.2897401,0.6556066647924558,Male
Bcat,0.85696745,0.28995258,0.6556066647924558,Male
Gpb5,-0.35123396,0.29048556,0.6556066647924558,Male
Lim1,0.32660103,0.29080665,0.6556066647924558,Male
Rel,-0.24548483,0.29092264,0.6556066647924558,Male
slf,-1.3961453,0.29111016,0.6556066647924558,Male
lncRNA:CR45312,-0.45912743,0.29140398,0.6556066647924558,Male
Dh31,-0.4160385,0.29149637,0.6556066647924558,Male
CG11085,-0.5034056,0.29199934,0.6556066647924558,Male
Mhc,-0.94760466,0.29254568,0.6556066647924558,Male
Mes2,0.2326603,0.2928006,0.6556066647924558,Male
dnd,-0.5835538,0.29281518,0.6556066647924558,Male
CG11594,-0.53346586,0.29402292,0.6556066647924558,Male
CG30357,-0.6741948,0.29452044,0.6556066647924558,Male
rau,-0.40527022,0.29452386,0.6556066647924558,Male
br,-0.15701294,0.29484347,0.6556066647924558,Male
Gbp3,-0.33653033,0.29489082,0.6556066647924558,Male
beat-IIIc,0.117661476,0.29491574,0.6556066647924558,Male
knk,-0.34174633,0.2954287,0.6556066647924558,Male
nahoda,-0.63611054,0.29575354,0.6556066647924558,Male
CG15449,-1.0036454,0.29581258,0.6556066647924558,Male
CG32365,-0.5776286,0.2958635,0.6556066647924558,Male
side-II,-0.36832047,0.29637545,0.6559128827435372,Male
NetA,-0.55375195,0.29818228,0.6584104909836871,Male
CG5773,0.6075201,0.2982543,0.6584104909836871,Male
CG34409,-0.3947444,0.2991241,0.6595009655209642,Male
SIFaR,-0.22642756,0.30089536,0.6625738395202714,Male
apolpp,0.5338526,0.30127358,0.6625753990689615,Male
fred,-0.40737057,0.3020114,0.6633667450524092,Male
CG31415,-0.4774276,0.30325088,0.6637884062403668,Male
Tis11,0.5224457,0.30456465,0.6637884062403668,Male
Gfrl,-0.33622074,0.30472213,0.6637884062403668,Male
rho,-0.42776012,0.30540398,0.6637884062403668,Male
CG17261,-0.80608654,0.3054696,0.6637884062403668,Male
Jabba,-0.35565734,0.3059647,0.6637884062403668,Male
CG8312,-0.22303534,0.3059796,0.6637884062403668,Male
HisT,-0.47405338,0.3061569,0.6637884062403668,Male
t-cup,-0.28723443,0.30623984,0.6637884062403668,Male
CG1092,-0.9209552,0.3062703,0.6637884062403668,Male
Mmp2,-0.57354736,0.30670744,0.6637884062403668,Male
Dso1,-0.7085638,0.3067421,0.6637884062403668,Male
28SrRNA-Psi:CR45855,-1.2619367,0.30913007,0.6675256632937423,Male
scro,-0.38909912,0.30922985,0.6675256632937423,Male
CG8086,-0.5099876,0.31037924,0.669183754510903,Male
GstD3,-0.6930747,0.31092983,0.6695483248657975,Male
CG12239,0.7119694,0.3117502,0.6704640942950582,Male
CG16700,0.15613747,0.3121192,0.6704640942950582,Male
CG10472,-0.1963687,0.31350362,0.6707621209954233,Male
CG34028,-0.5562897,0.31357187,0.6707621209954233,Male
upd2,-1.500968,0.31367373,0.6707621209954233,Male
rgn,-0.28350258,0.3148088,0.6707621209954233,Male
Sdb,0.15886497,0.31481624,0.6707621209954233,Male
CG9436,0.37669706,0.31618154,0.6707621209954233,Male
CG32700,-0.22459602,0.31621766,0.6707621209954233,Male
CG10062,-0.7102593,0.31712002,0.6707621209954233,Male
Cyp9f2,0.26943207,0.31910378,0.6707621209954233,Male
lncRNA:CR43893,-0.90900826,0.31919575,0.6707621209954233,Male
Vajk2,-1.0728025,0.31992176,0.6707621209954233,Male
sano,-0.15055466,0.3199255,0.6707621209954233,Male
CG11892,-0.49568248,0.31993026,0.6707621209954233,Male
Had2,-1.2045302,0.32020962,0.6707621209954233,Male
CG33080,-0.41795874,0.32053548,0.6707621209954233,Male
ZnT77C,-0.39419556,0.32065183,0.6707621209954233,Male
GstE8,-0.40079534,0.32065642,0.6707621209954233,Male
SmydA-4,-0.08658719,0.32108593,0.6707621209954233,Male
kek1,-0.22473145,0.3211699,0.6707621209954233,Male
lncRNA:CR13130,-0.37423062,0.32170522,0.6707621209954233,Male
Cyp18a1,0.82271767,0.32182825,0.6707621209954233,Male
CG42750,-0.3599081,0.32223484,0.6707621209954233,Male
CG8306,-0.36659074,0.32223833,0.6707621209954233,Male
CG10352,-0.74844074,0.3233269,0.6707621209954233,Male
tfc,-0.53242826,0.32348746,0.6707621209954233,Male
beat-IIIb,-0.4213152,0.32406747,0.6707621209954233,Male
5-HT2A,0.25790215,0.32408798,0.6707621209954233,Male
CG34253,-0.9162222,0.32423776,0.6707621209954233,Male
ImpL2,-0.4964571,0.3244822,0.6707621209954233,Male
CG3301,-0.73624253,0.32494652,0.6707621209954233,Male
Jhbp14,-1.3169334,0.3258044,0.6707621209954233,Male
bark,0.31789875,0.3261854,0.6707621209954233,Male
Tdh,-0.59236574,0.32700205,0.6707621209954233,Male
Spn42Dd,-0.31842148,0.32728523,0.6707621209954233,Male
lncRNA:CR44334,0.5284419,0.32766867,0.6707621209954233,Male
GstD9,-0.70371675,0.32824707,0.6707621209954233,Male
TpnC73F,0.58508384,0.3284121,0.6707621209954233,Male
CG9016,-0.15458679,0.32847604,0.6707621209954233,Male
Calx,0.21855545,0.3286289,0.6707621209954233,Male
orb,0.0741806,0.32879272,0.6707621209954233,Male
CG13252,0.2616315,0.32935816,0.6707621209954233,Male
EbpIII,-1.0062141,0.3295903,0.6707621209954233,Male
Ance,0.89958644,0.32960674,0.6707621209954233,Male
SKIP,0.17336273,0.32975236,0.6707621209954233,Male
Nepl19,-0.38544536,0.33014822,0.6707621209954233,Male
CG2269,-0.12020302,0.3302883,0.6707621209954233,Male
elff,0.18262482,0.33121186,0.6707621209954233,Male
Asm,0.5020902,0.33147144,0.6707621209954233,Male
CG15353,0.38295054,0.33243334,0.6707621209954233,Male
Wsck,-0.22974753,0.3327978,0.6707621209954233,Male
CG42711,-0.78883123,0.33283153,0.6707621209954233,Male
Caf1-180,-0.43589628,0.33285522,0.6707621209954233,Male
mbc,-0.3191738,0.33344603,0.6707621209954233,Male
lncRNA:CR44082,-0.80612075,0.33355135,0.6707621209954233,Male
foxo,0.4201293,0.3335625,0.6707621209954233,Male
Gart,-0.29787254,0.33393222,0.6707621209954233,Male
asRNA:CR45875,0.3924861,0.33404335,0.6707621209954233,Male
CG4250,-1.2662191,0.33509758,0.6714350179500428,Male
lms,-0.16322505,0.33516237,0.6714350179500428,Male
chas,-0.3645661,0.33552623,0.6714350179500428,Male
TrissinR,-0.2430892,0.33628753,0.6721920630383329,Male
speck,-0.40119457,0.33758882,0.6730090592923932,Male
lncRNA:CR31781,1.7989633,0.33816183,0.6730090592923932,Male
Dscam2,-0.17865181,0.33836347,0.6730090592923932,Male
dcma,-0.36787033,0.33837646,0.6730090592923932,Male
CG13373,-0.6300448,0.3388257,0.6730090592923932,Male
CG15550,1.3265866,0.33939916,0.6730090592923932,Male
CG10365,0.07728243,0.33940247,0.6730090592923932,Male
Ets65A,-0.37503147,0.34020454,0.6730090592923932,Male
lncRNA:CR33963,-0.28935194,0.34037125,0.6730090592923932,Male
Zip71B,0.34915447,0.34064382,0.6730090592923932,Male
Mipp1,-0.48571587,0.34091458,0.6730090592923932,Male
CG4822,0.22218227,0.3420136,0.6734476975871361,Male
if,-0.11509681,0.34213704,0.6734476975871361,Male
mirr,0.1251874,0.34251434,0.6734476975871361,Male
Nost,-0.4961195,0.3426717,0.6734476975871361,Male
Dll,-0.58702326,0.3441682,0.6755326184939381,Male
Cyp9f3,0.10701656,0.34486198,0.6755326184939381,Male
Cyp28d1,0.6038208,0.34520024,0.6755326184939381,Male
sog,0.27995586,0.34527224,0.6755326184939381,Male
Cyp6a23,-0.7278826,0.34599304,0.6761890572800668,Male
DNaseII,-0.58424807,0.34695208,0.6773090977822581,Male
Tsp29Fb,-0.46101928,0.34888768,0.6799127679122122,Male
CG31663,0.49782228,0.35026047,0.6799127679122122,Male
mnd,0.7326689,0.35058653,0.6799127679122122,Male
Cyp6w1,0.4485922,0.35077786,0.6799127679122122,Male
CG3902,-0.5491457,0.35124093,0.6799127679122122,Male
Irk2,-0.33018303,0.35188925,0.6799127679122122,Male
regucalcin,-0.31109285,0.35211378,0.6799127679122122,Male
Gbp2,-0.4504465,0.35223097,0.6799127679122122,Male
CG5973,0.31484318,0.35230574,0.6799127679122122,Male
Six4,0.51689625,0.35243046,0.6799127679122122,Male
CG33494,-0.99129534,0.35289317,0.6799127679122122,Male
CG32195,-0.51618576,0.35311553,0.6799127679122122,Male
futsch,-0.027376175,0.35332218,0.6799127679122122,Male
lncRNA:CR42491,0.8926239,0.35483253,0.6799820146185862,Male
RunxB,-0.43497586,0.3548331,0.6799820146185862,Male
sosie,-0.5953045,0.35486928,0.6799820146185862,Male
T48,0.28929234,0.354908,0.6799820146185862,Male
ldd,-1.2661049,0.35531598,0.6800212964106802,Male
CG10126,-0.28423214,0.3561951,0.6802826425845008,Male
Adc,-1.3345909,0.3562278,0.6802826425845008,Male
wdp,-0.34504318,0.35813904,0.6815140067114943,Male
Ldsdh1,-0.7062626,0.35827655,0.6815140067114943,Male
beat-Ib,-0.3209343,0.35844126,0.6815140067114943,Male
side,-0.2937374,0.35861295,0.6815140067114943,Male
Prx6c,-0.5287299,0.35912713,0.6815140067114943,Male
CG31326,-0.54116416,0.3595075,0.6815140067114943,Male
E23,0.67609024,0.35959086,0.6815140067114943,Male
cid,0.5517876,0.3615529,0.6833635078208915,Male
CG9896,-0.53181076,0.3615552,0.6833635078208915,Male
yin,-0.37567258,0.36190057,0.6833635078208915,Male
Antp,-0.26010418,0.3624789,0.6833635078208915,Male
Oat,-0.48837042,0.36251363,0.6833635078208915,Male
nAChRalpha6,0.10401535,0.36309874,0.6836205714512996,Male
DIP-beta,-0.13946915,0.36342907,0.6836205714512996,Male
Capa,0.42873716,0.36550885,0.6859330397385818,Male
CG12355,-0.37395763,0.36571115,0.6859330397385818,Male
AMPdeam,0.48678398,0.36583096,0.6859330397385818,Male
Vsx2,-0.56472397,0.3688504,0.6896823557895335,Male
Fas2,0.49480152,0.3690893,0.6896823557895335,Male
CG7906,-0.2013067,0.3698606,0.6896823557895335,Male
AstA-R1,-0.17843723,0.37114915,0.6896823557895335,Male
Mink,-0.106312394,0.3714316,0.6896823557895335,Male
CG8180,0.1824193,0.3720336,0.6896823557895335,Male
Cpr49Ae,-0.60950994,0.37344572,0.6896823557895335,Male
Orct,-0.39049864,0.37410533,0.6896823557895335,Male
pes,0.31576538,0.37419254,0.6896823557895335,Male
GstE1,-0.55061054,0.3742293,0.6896823557895335,Male
CG32115,-0.3346722,0.37424105,0.6896823557895335,Male
NtR,-0.77106524,0.37541687,0.6896823557895335,Male
TrpA1,-0.13610744,0.3755225,0.6896823557895335,Male
CG15739,-0.92655706,0.3755362,0.6896823557895335,Male
CG14153,-0.42264235,0.3755751,0.6896823557895335,Male
lncRNA:CR46036,-0.39901638,0.37571687,0.6896823557895335,Male
lncRNA:CR44779,-0.4220364,0.3760314,0.6896823557895335,Male
CG1213,-0.33601904,0.37689975,0.6896823557895335,Male
lncRNA:CR45414,-0.21977723,0.3769319,0.6896823557895335,Male
CG16826,0.31970072,0.37694743,0.6896823557895335,Male
CG3164,0.085531235,0.37717324,0.6896823557895335,Male
glob1,-0.39764214,0.37733567,0.6896823557895335,Male
Nep2,-0.52071905,0.3775047,0.6896823557895335,Male
CG17896,-0.43644333,0.37758976,0.6896823557895335,Male
Gld2,-0.513834,0.37782174,0.6896823557895335,Male
CG30082,-0.447034,0.3780481,0.6896823557895335,Male
Tps1,0.35048628,0.3809876,0.6929043233090206,Male
CG34180,-0.31641495,0.38102114,0.6929043233090206,Male
natalisin,1.7977599,0.3811693,0.6929043233090206,Male
CG15394,-0.8182986,0.38181463,0.6929043233090206,Male
CG15529,-0.6401347,0.38255206,0.6929043233090206,Male
bez,-0.36092436,0.3827955,0.6929043233090206,Male
CG17839,-0.32013035,0.38291773,0.6929043233090206,Male
CG15210,0.48284864,0.38348237,0.6929043233090206,Male
ort,-0.38909483,0.38350767,0.6929043233090206,Male
tmn,-0.4116454,0.38447526,0.6929043233090206,Male
Ork1,0.6213589,0.38493916,0.6929043233090206,Male
Obp57c,-0.69687057,0.38561556,0.6929043233090206,Male
zld,-0.18678665,0.3858856,0.6929043233090206,Male
Indy,0.22736454,0.38598338,0.6929043233090206,Male
Ssk,-0.1736908,0.38612136,0.6929043233090206,Male
CG14589,-0.6191286,0.3861495,0.6929043233090206,Male
CG32032,-0.51787853,0.3865261,0.6929043233090206,Male
CG1537,0.44245148,0.38760322,0.6941261758609694,Male
CG15130,-0.3818333,0.3888085,0.6946169715865872,Male
twz,-0.36829758,0.3891747,0.6946169715865872,Male
CG5758,0.19429398,0.38940278,0.6946169715865872,Male
pbl,0.36227608,0.38981047,0.6946169715865872,Male
CG30053,0.3446815,0.3900273,0.6946169715865872,Male
Frq1,0.121418,0.39025205,0.6946169715865872,Male
slif,-0.8140743,0.3915676,0.6960528191018368,Male
CG4829,0.5419531,0.39238328,0.6960528191018368,Male
pre-lola-G,-0.50524616,0.3927138,0.6960528191018368,Male
CG34355,-0.17257881,0.39272234,0.6960528191018368,Male
wtrw,0.53740215,0.3938003,0.6960528191018368,Male
CG12177,-0.31871605,0.3942207,0.6960528191018368,Male
GluClalpha,-0.1986208,0.3944641,0.6960528191018368,Male
CG7135,-0.87003946,0.39454365,0.6960528191018368,Male
Drsl5,0.79179645,0.39488193,0.6960528191018368,Male
tim,-0.20132446,0.395047,0.6960528191018368,Male
CG11791,-0.16822338,0.39542148,0.6960528191018368,Male
AANATL2,-0.52995014,0.3958977,0.6961928006403432,Male
Akh,-1.2486217,0.3964586,0.6963271333309943,Male
CG9109,-0.43332863,0.3974032,0.6963271333309943,Male
CG1572,-0.42884207,0.39751804,0.6963271333309943,Male
CG13833,-0.75804913,0.39756113,0.6963271333309943,Male
lncRNA:CR31044,0.12212896,0.39838624,0.6964549373679796,Male
CG6356,0.29352188,0.3989358,0.6964549373679796,Male
S-Lap4,-0.513574,0.3991721,0.6964549373679796,Male
olf186-M,0.5414915,0.39922145,0.6964549373679796,Male
Oatp33Ea,0.8224559,0.40013367,0.6971514262850322,Male
CG15293,-0.2374382,0.40041518,0.6971514262850322,Male
CG4927,-0.7341569,0.4012645,0.6979377376076251,Male
ImpE1,-0.17995548,0.40361872,0.7008929002650531,Male
Fatp3,0.1295954,0.40376225,0.7008929002650531,Male
AstC,0.5347748,0.40574044,0.7036308921844121,Male
DIP-lambda,-0.39347553,0.40684503,0.7048500113755553,Male
CG9547,-0.3816321,0.4078522,0.7058980667144354,Male
CG8837,0.3650322,0.4101137,0.7087300020105699,Male
lncRNA:CR43314,-0.6836623,0.41051763,0.7087300020105699,Male
Cyp6a9,0.28586555,0.41151103,0.7087300020105699,Male
Mlp60A,-0.920735,0.41161397,0.7087300020105699,Male
CG7530,0.24138689,0.41178387,0.7087300020105699,Male
CG7342,-0.5368947,0.41191146,0.7087300020105699,Male
CG12998,-0.67537344,0.41285565,0.7096588104875735,Male
CCAP,2.6160815,0.41356385,0.7101805923969545,Male
Gabat,-0.24956894,0.41462243,0.7113023983534946,Male
alrm,-0.716527,0.41600502,0.7118228359982386,Male
Timp,0.1837511,0.41611865,0.7118228359982386,Male
CG32694,0.18778157,0.41653523,0.7118228359982386,Male
lncRNA:marge,0.47200537,0.41655773,0.7118228359982386,Male
alpha-Est8,-0.27915382,0.41732478,0.7118228359982386,Male
Spn27A,0.27861023,0.41735938,0.7118228359982386,Male
CG15098,-0.48688316,0.41835013,0.7128198716246966,Male
CG5835,-0.43197346,0.41988742,0.7132942007865389,Male
ebd2,-0.21034193,0.4200645,0.7132942007865389,Male
DIP-kappa,0.25209236,0.42019418,0.7132942007865389,Male
CG15765,-0.21359253,0.42025426,0.7132942007865389,Male
Tab2,-0.3453412,0.42140573,0.7145575629340277,Male
CG13679,-0.41712713,0.42291558,0.7164255385233168,Male
CG14050,-0.19216537,0.42336968,0.716503176417852,Male
CG4594,-0.42166305,0.42402938,0.7169282946283417,Male
luna,0.18960285,0.42552322,0.7181884178748498,Male
SmydA-3,-0.47504497,0.42559314,0.7181884178748498,Male
NLaz,-0.3946762,0.42615542,0.7184402553682822,Male
Rab9,-0.28108072,0.42656112,0.7184402553682822,Male
CG33958,-0.40888834,0.42726493,0.7189357388168145,Male
CG10433,0.45632172,0.4281009,0.7196523732152479,Male
CAH1,-0.5465698,0.42998505,0.7221280184659091,Male
aru,-0.4798088,0.4308174,0.7228341622288779,Male
Picot,0.29797554,0.4312569,0.7228804536398639,Male
CARPB,0.33360863,0.43184274,0.723171787407562,Male
Idgf2,-0.52651644,0.43406156,0.7259101251817723,Male
ClC-a,-0.172122,0.4343372,0.7259101251817723,Male
CG7607,0.58441305,0.4350689,0.7259101251817723,Male
PLCXD,0.46909428,0.43540806,0.7259101251817723,Male
Sulf1,0.13318062,0.43554607,0.7259101251817723,Male
dx,0.13836348,0.43699202,0.7272230681649882,Male
CG3655,-0.22379494,0.43716258,0.7272230681649882,Male
Gli,-0.46330833,0.43768576,0.7273717916236734,Male
CG11668,-0.23949957,0.4384232,0.7273717916236734,Male
Ilp2,1.8646812,0.4390319,0.7273717916236734,Male
CG8620,-0.32178116,0.43910664,0.7273717916236734,Male
repo,-0.17878819,0.43932426,0.7273717916236734,Male
NPF,1.5988865,0.44127578,0.7299141987217248,Male
Delta,-0.3340206,0.44182193,0.7300850922746309,Male
CG34338,-0.5134975,0.4423191,0.7300850922746309,Male
CG31689,-0.03826356,0.44351763,0.7300850922746309,Male
ple,-0.3075142,0.4435442,0.7300850922746309,Male
CG5853,0.34221268,0.44357747,0.7300850922746309,Male
CG43341,-0.3937763,0.4438751,0.7300850922746309,Male
asRNA:CR45161,-0.5114689,0.44457653,0.730299233275111,Male
CG12560,-0.61186504,0.44483754,0.730299233275111,Male
CG8916,-0.4637699,0.4456032,0.7308725517486857,Male
CG4928,-0.4935742,0.44707313,0.7317695688449385,Male
Dsk,2.3896708,0.4473412,0.7317695688449385,Male
Eip93F,-0.08727741,0.44822687,0.7317695688449385,Male
CG14075,0.30106258,0.44839907,0.7317695688449385,Male
CG31974,0.2587614,0.44875026,0.7317695688449385,Male
CG44422,0.0759182,0.4493054,0.7317695688449385,Male
Mdr49,0.16360712,0.449388,0.7317695688449385,Male
Esyt2,-0.1986742,0.4494858,0.7317695688449385,Male
Spn28Dc,-0.19137287,0.4499518,0.7318493097992933,Male
Mal-A5,0.3991108,0.4522698,0.7347273778077301,Male
Jhbp3,-0.9958228,0.45255858,0.7347273778077301,Male
CG13408,-0.34044456,0.45324254,0.7349836044804652,Male
Obp83a,-0.49906993,0.45355397,0.7349836044804652,Male
RhoGAP18B,0.18518639,0.4549029,0.7364894402423028,Male
CG7888,0.21905088,0.456266,0.7374324522156647,Male
DIP-iota,0.31700802,0.45715156,0.7374324522156647,Male
Sodh2,0.3838768,0.4573533,0.7374324522156647,Male
P5cr-2,0.40080035,0.4574635,0.7374324522156647,Male
rsh,-0.13599873,0.45889944,0.7374324522156647,Male
lncRNA:mimi,-0.4624853,0.45916572,0.7374324522156647,Male
Cyp313a1,-1.0830636,0.45927396,0.7374324522156647,Male
Snmp2,-0.2758522,0.4597718,0.7374324522156647,Male
CG13698,-0.31601954,0.46027854,0.7374324522156647,Male
Dop2R,-0.19882679,0.4618091,0.7374324522156647,Male
mdu,-0.19955635,0.4619496,0.7374324522156647,Male
hbn,0.3148942,0.46212655,0.7374324522156647,Male
asRNA:CR44029,-0.610363,0.46221516,0.7374324522156647,Male
CG6044,-0.4654112,0.46249336,0.7374324522156647,Male
Obp18a,-0.5201149,0.46250293,0.7374324522156647,Male
Samuel,-0.20331693,0.46298125,0.7374324522156647,Male
CG43103,-0.42198253,0.46366477,0.7374324522156647,Male
slp1,-0.36048603,0.46367946,0.7374324522156647,Male
CG44325,-0.18894482,0.4638559,0.7374324522156647,Male
Orcokinin,-1.7254558,0.46388912,0.7374324522156647,Male
rumpel,-0.42116928,0.46476218,0.7377236557696655,Male
CG6465,-0.49539828,0.464913,0.7377236557696655,Male
Dh44,0.36854124,0.46812925,0.7415318253016708,Male
CG42807,-1.0519102,0.46883836,0.7415318253016708,Male
mav,-0.34676123,0.46890515,0.7415318253016708,Male
GstE2,-0.46327543,0.46918032,0.7415318253016708,Male
SPARC,0.24688625,0.46942556,0.7415318253016708,Male
CG16799,0.63105726,0.47127044,0.7436786425605925,Male
mol,-0.20042324,0.47166014,0.7436786425605925,Male
CG8861,-0.33222008,0.47205585,0.7436786425605925,Male
lncRNA:CR44741,0.30904293,0.473351,0.7450502404183016,Male
shf,0.28054464,0.4745369,0.7458849081314346,Male
iav,-0.14956498,0.4747313,0.7458849081314346,Male
CG6847,0.35992503,0.47939882,0.7522178288545855,Male
Msp300,-0.1421051,0.47961923,0.7522178288545855,Male
CG5541,0.13484478,0.48089892,0.7531648443598071,Male
twit,0.43920946,0.48108137,0.7531648443598071,Male
CG4269,0.2170533,0.48151532,0.7531723593645555,Male
Thor,0.5060625,0.48258263,0.7538111676524967,Male
CG8745,-0.3338523,0.48278278,0.7538111676524967,Male
tey,-0.087685585,0.48444918,0.75574072265625,Male
kn,-0.16553545,0.48565888,0.7569550265215642,Male
CG13693,-0.59890795,0.48885626,0.7612624214937334,Male
GstD2,-0.4329784,0.48993057,0.7622252827479111,Male
Idgf4,0.2918887,0.491635,0.7622252827479111,Male
Adh,-0.2638629,0.49188438,0.7622252827479111,Male
Adgf-C,-0.5320575,0.49241984,0.7622252827479111,Male
CG12780,-0.38078284,0.4925475,0.7622252827479111,Male
Hr38,-0.27623558,0.49259084,0.7622252827479111,Male
CG18367,0.6604712,0.49259952,0.7622252827479111,Male
sas,-0.36455512,0.49330032,0.7622252827479111,Male
Acsf2,0.44546866,0.49342257,0.7622252827479111,Male
asRNA:CR45621,0.3057127,0.49381775,0.7622252827479111,Male
TfAP-2,-0.2511692,0.49471036,0.7629320516737148,Male
CG13323,0.19085002,0.49605528,0.7642994127775493,Male
CG34423,0.17931187,0.496468,0.7642994127775493,Male
Idgf6,-0.17627192,0.49771136,0.7650709069293479,Male
slp2,-0.3005259,0.49950528,0.7650709069293479,Male
Chsy,0.40324116,0.4996422,0.7650709069293479,Male
Sarm,0.10135937,0.49980333,0.7650709069293479,Male
SerT,0.43428278,0.49990088,0.7650709069293479,Male
CG42613,0.1573534,0.5008035,0.7650709069293479,Male
Dscam4,-0.13103485,0.5009546,0.7650709069293479,Male
Mgstl,0.29332924,0.5011916,0.7650709069293479,Male
hpRNA:LINR-3,-0.17375779,0.5012221,0.7650709069293479,Male
lncRNA:CR43700,-0.33942318,0.5013285,0.7650709069293479,Male
lncRNA:CR46127,-0.33550286,0.5021189,0.7653047773573134,Male
CG2930,-0.24254513,0.5023539,0.7653047773573134,Male
AttC,-0.17794776,0.5029942,0.7656155773999892,Male
CG3348,0.5259657,0.50390714,0.766340602828477,Male
Cdk4,-0.2199068,0.5046366,0.7667854606331169,Male
Naglu,0.19423342,0.50520045,0.7667999399232905,Male
kumpel,0.35414886,0.5055867,0.7667999399232905,Male
Got1,-0.2694683,0.50596803,0.7667999399232905,Male
Gyc32E,0.32255363,0.5063938,0.7667999399232905,Male
cutlet,0.15013313,0.50793463,0.7684700801454741,Male
ppk13,-0.18714237,0.5092493,0.7689301795566205,Male
Gagr,-0.12074375,0.5093417,0.7689301795566205,Male
CG13870,-0.44265747,0.50959367,0.7689301795566205,Male
mdy,0.34346533,0.5099913,0.7689301795566205,Male
Tsp5D,-0.37482738,0.5113481,0.7697749722177593,Male
Rh50,-0.47956085,0.5118254,0.7697749722177593,Male
lncRNA:CR45231,-0.41139245,0.51186746,0.7697749722177593,Male
eIF4E6,-0.2238723,0.5127421,0.7704301076392605,Male
Aldh7A1,-0.27224016,0.5140551,0.7712609613307914,Male
CG42674,-0.22211838,0.51464903,0.7712609613307914,Male
Strn-Mlck,-0.29492474,0.5149274,0.7712609613307914,Male
CDase,0.27997112,0.5150529,0.7712609613307914,Male
lncRNA:CR44832,0.6900425,0.515595,0.7714145462023124,Male
Spn88Ea,-0.22625351,0.51659536,0.7722528772825277,Male
Pld,-0.20062065,0.5178108,0.7734110600897607,Male
Dro,-1.0269461,0.51904094,0.7745891752697173,Male
Inx2,-0.12823582,0.51980335,0.7750678698491928,Male
CrebA,0.27682495,0.5203167,0.7751520706435381,Male
Lst,-0.46735787,0.52090305,0.7751520706435381,Male
Fkbp14,-0.19819832,0.52118486,0.7751520706435381,Male
lncRNA:CR45036,-0.19149971,0.52229106,0.7759406115557697,Male
lncRNA:CR40469,0.33577347,0.522605,0.7759406115557697,Male
Ten-a,0.10696411,0.52337605,0.7759406115557697,Male
Cyp28a5,0.34265375,0.5234836,0.7759406115557697,Male
Nplp3,-0.8935008,0.5248311,0.7768035425504585,Male
magu,0.075041294,0.524951,0.7768035425504585,Male
lncRNA:CR43849,-0.3690772,0.52647877,0.7774418879716363,Male
CG13856,-1.3209711,0.5266734,0.7774418879716363,Male
Gs2,-0.5014372,0.52671933,0.7774418879716363,Male
Pura,-0.24540186,0.5274535,0.7774418879716363,Male
CBP,0.14869428,0.5275973,0.7774418879716363,Male
Phk-3,-0.6097417,0.528253,0.7777550716528157,Male
CG5958,-0.38969553,0.5288021,0.7779108704585341,Male
CG6225,-0.16748953,0.5294226,0.7781714051213097,Male
mamo,0.11376572,0.53013986,0.7785735956295764,Male
GstT3,0.28963137,0.531134,0.7793814362490855,Male
lncRNA:CR45941,-0.40523362,0.5319886,0.7798232140644564,Male
CG43117,-0.114210606,0.5323238,0.7798232140644564,Male
srp,-0.39197707,0.533516,0.7809178954467264,Male
Gbs-70E,-0.25722885,0.53477794,0.7821127319335938,Male
CG42489,-0.35662556,0.5358172,0.7823971765806988,Male
Ect3,0.44748735,0.53586406,0.7823971765806988,Male
Nplp2,-0.46624422,0.53696215,0.7827034376784416,Male
Hdc,-0.8656578,0.5369658,0.7827034376784416,Male
pdm3,-0.17049313,0.53779334,0.7827085889075414,Male
Galm1,-0.2924509,0.53817964,0.7827085889075414,Male
NimB2,-0.450809,0.53846025,0.7827085889075414,Male
CG42369,-0.46680355,0.5392118,0.7827085889075414,Male
CG12116,0.43498302,0.53954536,0.7827085889075414,Male
lncRNA:CR30009,0.20511436,0.53964525,0.7827085889075414,Male
GstE7,-0.2380805,0.54031515,0.7830331236936158,Male
CARPA,0.036700726,0.54249054,0.7849637854718415,Male
p38a,-0.22766471,0.5425419,0.7849637854718415,Male
fuss,0.27507877,0.54481286,0.7876001197777235,Male
Irc,-0.38827658,0.5458217,0.7879068409085078,Male
CG8560,-0.2500143,0.546285,0.7879068409085078,Male
asRNA:CR44894,0.43313062,0.54648393,0.7879068409085078,Male
Ldh,-0.5066948,0.5468208,0.7879068409085078,Male
Cyp4ac3,0.50214493,0.5475791,0.7879571688165438,Male
IKKbeta,-0.2805115,0.5479919,0.7879571688165438,Male
l(2)gl,0.15231514,0.5482027,0.7879571688165438,Male
CG14892,-0.8235061,0.54999626,0.7894936886753884,Male
mthl2,0.35379684,0.5501714,0.7894936886753884,Male
lncRNA:CR43716,0.59416866,0.5508508,0.7898228464562909,Male
Hex-C,-0.17352986,0.55236334,0.7910144799685206,Male
CG12674,-0.5121995,0.55258334,0.7910144799685206,Male
CG15784,-0.22703886,0.55449814,0.7931085787075948,Male
Irk3,0.25323963,0.55521476,0.7931633584388962,Male
sim,-0.2540207,0.555628,0.7931633584388962,Male
PGRP-LA,-0.37172413,0.5561833,0.7931633584388962,Male
pain,-0.28240895,0.5563442,0.7931633584388962,Male
Lapsyn,-0.27491045,0.558195,0.7943531517843598,Male
Lgr1,-0.124284744,0.5582521,0.7943531517843598,Male
dpr1,-0.21808624,0.5585627,0.7943531517843598,Male
CG1698,-0.22264802,0.5593072,0.7943531517843598,Male
CG4653,0.123624444,0.55944186,0.7943531517843598,Male
haf,0.13885689,0.5601735,0.7947489831750202,Male
CG9628,-0.14858532,0.5618597,0.7961621368948772,Male
mth,-0.3252263,0.5622013,0.7961621368948772,Male
DIP-theta,-0.10491848,0.5628843,0.7961621368948772,Male
CG42741,0.31304717,0.5632969,0.7961621368948772,Male
eEF1alpha1,-0.12933922,0.5634378,0.7961621368948772,Male
edl,-0.4009261,0.5639398,0.7962303744720435,Male
Gal,0.19104958,0.56509167,0.7972153544042655,Male
up,-0.3974793,0.5658036,0.7975785466083082,Male
lncRNA:CR44129,0.31243742,0.5671245,0.7982491475635275,Male
GstZ1,-0.18303263,0.567189,0.7982491475635275,Male
Mip,0.7227988,0.5676926,0.7983176891620343,Male
Tig,0.46421552,0.5686167,0.7989770234156075,Male
AstA,-0.33814144,0.57039195,0.800830322265625,Male
dmt,0.21142769,0.5728935,0.8036995208520683,Male
pippin,0.11415863,0.5740523,0.8040121221466308,Male
Nep4,0.306674,0.5743248,0.8040121221466308,Male
lncRNA:CR43855,1.4028509,0.5744907,0.8040121221466308,Male
lncRNA:CR44017,-0.2709793,0.57545173,0.8047153670474353,Male
Cpr11B,0.1877842,0.5761997,0.8051197999601911,Male
CG31778,0.22020924,0.5776791,0.8054060414551555,Male
ttk,-0.24112654,0.5778398,0.8054060414551555,Male
CG13482,-0.3838935,0.5782872,0.8054060414551555,Male
Phgdh,-0.25827122,0.57838583,0.8054060414551555,Male
CG2082,-0.17504025,0.5789583,0.8054060414551555,Male
Cph,0.11014271,0.57915807,0.8054060414551555,Male
cv-2,-0.05524063,0.5806857,0.8068909996195813,Male
CG5953,-0.034578323,0.5812273,0.8070046630086778,Male
CG14340,-0.30262566,0.5818496,0.807230036437747,Male
Aldh,-0.113375664,0.5833809,0.8082412201867107,Male
NimB4,0.17928982,0.5834995,0.8082412201867107,Male
Nagk,-0.23209286,0.584666,0.8087019683621454,Male
CG14142,-0.49174786,0.58475375,0.8087019683621454,Male
CG43693,-0.40671682,0.5856363,0.8087932307545732,Male
Hydr1,-0.1707797,0.5857414,0.8087932307545732,Male
ine,-0.23755646,0.58686924,0.8097134956023978,Male
5-HT1A,0.06287575,0.5877476,0.8098613074286205,Male
CG43155,-0.20100904,0.5878993,0.8098613074286205,Male
Oatp26F,-0.38946044,0.58906436,0.8108297909007353,Male
CG5895,0.2876072,0.59060067,0.8123073278923394,Male
asRNA:CR43259,-0.102576256,0.5913149,0.812652850767179,Male
Ugt37D1,0.16088057,0.59195566,0.8128968717906396,Male
asRNA:CR45185,-0.25341487,0.59259886,0.8131438517029906,Male
vvl,0.14819336,0.5933759,0.8135740280151367,Male
NKCC,0.18017197,0.5942816,0.8141797294289129,Male
Obp56a,-0.20509565,0.5950527,0.8143542565700155,Male
jeb,-0.08361626,0.59568703,0.8143542565700155,Male
CG15890,-0.16859317,0.5961037,0.8143542565700155,Male
CG9691,-0.44334412,0.596568,0.8143542565700155,Male
caup,0.16463327,0.59743,0.8143542565700155,Male
CG9396,-0.1993866,0.5976821,0.8143542565700155,Male
lectin-46Cb,-0.31653666,0.5977421,0.8143542565700155,Male
teq,0.25964975,0.59812117,0.8143542565700155,Male
CG5397,-0.3299148,0.59972894,0.8159103038699128,Male
side-III,-0.08800888,0.6012178,0.816258878184213,Male
CG42394,-0.12714672,0.60122246,0.816258878184213,Male
Trhn,0.19282627,0.60138047,0.816258878184213,Male
fng,0.2221446,0.6041004,0.8179406476167083,Male
egr,-0.33301353,0.6045679,0.8179406476167083,Male
Fer2,-0.23183012,0.6049667,0.8179406476167083,Male
Rgk1,0.22761059,0.60511124,0.8179406476167083,Male
fkh,0.24581909,0.6054651,0.8179406476167083,Male
CG3823,-0.27557778,0.60572946,0.8179406476167083,Male
Dso2,-0.54775476,0.6068826,0.8179406476167083,Male
ana,0.24819422,0.6072113,0.8179406476167083,Male
stumps,-0.19789076,0.60750586,0.8179406476167083,Male
euc,-0.31418705,0.6076093,0.8179406476167083,Male
MsrA,-0.24988651,0.60774624,0.8179406476167083,Male
CG16713,-0.33050203,0.6084549,0.8182669570162835,Male
CG4950,-0.32161498,0.60965693,0.8192556477615333,Male
Spar,-0.1674881,0.61107874,0.8202578110067852,Male
CG33777,0.2618146,0.6113374,0.8202578110067852,Male
CG9686,0.5178757,0.6139092,0.8202945839769487,Male
lncRNA:CR45693,-0.13382721,0.61393034,0.8202945839769487,Male
BomS6,0.4738934,0.6142876,0.8202945839769487,Male
CG13877,0.49419165,0.6145146,0.8202945839769487,Male
lncRNA:CR43870,-0.16029358,0.6145233,0.8202945839769487,Male
Rh2,-0.63758564,0.6145671,0.8202945839769487,Male
CG11275,-0.2384727,0.61463666,0.8202945839769487,Male
Marc,0.20132637,0.6169191,0.8207025922627446,Male
trv,-0.10821152,0.6171918,0.8207025922627446,Male
Sol1,-0.21663809,0.6175691,0.8207025922627446,Male
lectin-24Db,-0.61653614,0.6177163,0.8207025922627446,Male
Etfb,-0.09612322,0.6181314,0.8207025922627446,Male
LanB1,-0.26989865,0.6182437,0.8207025922627446,Male
nuf,0.021065712,0.618374,0.8207025922627446,Male
cana,0.15279007,0.6188172,0.8207025922627446,Male
sv,-0.05488205,0.61979413,0.8207025922627446,Male
Ipk1,-0.3247581,0.6208186,0.8207025922627446,Male
Mst36Fa,0.14837694,0.62081885,0.8207025922627446,Male
asRNA:CR43468,-0.4128679,0.620872,0.8207025922627446,Male
CG42458,-0.1305399,0.6212152,0.8207025922627446,Male
Jheh1,-0.27496243,0.6214893,0.8207025922627446,Male
cry,-0.21239424,0.6233615,0.8221495026412575,Male
lncRNA:CR45805,0.101403,0.62361866,0.8221495026412575,Male
Drgx,-0.20635653,0.6242715,0.8221495026412575,Male
scb,0.1789279,0.62453616,0.8221495026412575,Male
CG18599,-0.1921525,0.6249273,0.8221495026412575,Male
a,-0.085114956,0.6269459,0.8241872951779026,Male
CG2233,0.14111996,0.62761885,0.824454393215522,Male
CG10479,0.13484001,0.6281961,0.8245954606278048,Male
CG31345,-0.13958836,0.6289223,0.8248956522183065,Male
LanB2,0.16619647,0.62936485,0.8248956522183065,Male
hid,0.14422894,0.630662,0.8259684851201565,Male
CG10560,0.32286704,0.6314061,0.8259684851201565,Male
Poxn,0.09423447,0.63159525,0.8259684851201565,Male
pyr,-0.18560123,0.633351,0.8276478077880678,Male
CG18598,0.14697933,0.63510674,0.8292542864273774,Male
sens-2,0.15819883,0.63576734,0.8292542864273774,Male
CG9747,-0.64195275,0.6359979,0.8292542864273774,Male
Sr-CI,-0.6023717,0.63656765,0.8293810464226058,Male
CG30197,0.16444588,0.6385968,0.8314074960589762,Male
asRNA:CR44137,-0.12264776,0.63912505,0.8314784497486564,Male
santa-maria,-0.21151352,0.64006877,0.8316061272610566,Male
Mef2,-0.08335209,0.6401709,0.8316061272610566,Male
asRNA:CR45214,-0.28029203,0.6409337,0.8316583921139165,Male
CG31221,0.11372471,0.64158106,0.8316583921139165,Male
Fas3,-0.14173508,0.64202774,0.8316583921139165,Male
CG10527,-0.111741066,0.6421571,0.8316583921139165,Male
nAChRbeta3,-0.39328408,0.6425899,0.8316583921139165,Male
CG30460,-0.09658241,0.6435734,0.8316583921139165,Male
CG13056,0.26126575,0.6439362,0.8316583921139165,Male
Acbp2,0.21670294,0.64400214,0.8316583921139165,Male
CG1552,0.31352806,0.64456403,0.8317719403435202,Male
CG15365,-0.1390853,0.6494653,0.8374810033121326,Male
bt,-0.39779472,0.65048903,0.8380827312511464,Male
CG15412,0.15915668,0.650887,0.8380827312511464,Male
fusl,0.12165189,0.653322,0.8395707872178819,Male
pim,0.17099977,0.65342104,0.8395707872178819,Male
ppk,0.10188688,0.6537279,0.8395707872178819,Male
CG31200,0.20318365,0.65423095,0.8395707872178819,Male
CG9394,-0.37603474,0.6544347,0.8395707872178819,Male
Egfr,0.25823283,0.65535194,0.8401334552193663,Male
Prip,-0.37158227,0.65744853,0.8422059442005019,Male
Ca-alpha1T,-0.101346016,0.65942204,0.8441059939899472,Male
Lim3,-0.06318474,0.659976,0.8441059939899472,Male
CecB,0.32782376,0.6606187,0.8441059939899472,Male
Hml,-0.38345385,0.66085565,0.8441059939899472,Male
E(spl)mbeta-HLH,0.19741821,0.66309464,0.8463498757102272,Male
betaTub60D,-0.38522494,0.6637032,0.8465109536814135,Male
CG4000,-0.73605585,0.66434026,0.8467081439780774,Male
ITP,0.84451246,0.6661382,0.8481332005755983,Male
dpr17,-0.15579033,0.6664249,0.8481332005755983,Male
CG34115,-0.1744802,0.67019415,0.8523120824841486,Male
lncRNA:CR45048,-0.24901819,0.67117304,0.852767480610076,Male
CG14687,-0.20162582,0.671524,0.852767480610076,Male
grn,-0.17308903,0.6723963,0.8532578033204538,Male
DAT,-0.12986994,0.67314273,0.8535877734939487,Male
CG13054,0.11463404,0.6742856,0.854419650411778,Male
TTLL3B,0.25543392,0.675351,0.8547269990311824,Male
Balat,-0.3370824,0.6755022,0.8547269990311824,Male
CG1722,-0.16026115,0.6777389,0.8555132103917944,Male
CG13067,0.16119194,0.67803824,0.8555132103917944,Male
Toll-6,0.16616154,0.67843723,0.8555132103917944,Male
Hsp68,-0.34114933,0.6796794,0.8555132103917944,Male
AOX3,-0.126127,0.6805891,0.8555132103917944,Male
lncRNA:CR43641,0.033033133,0.68107,0.8555132103917944,Male
Notum,-0.23518682,0.681348,0.8555132103917944,Male
CG40470,0.4793229,0.6824136,0.8555132103917944,Male
VGlut2,0.42590284,0.68248016,0.8555132103917944,Male
KaiR1D,-0.052987576,0.68264794,0.8555132103917944,Male
CG31676,-0.24220705,0.68280864,0.8555132103917944,Male
wrapper,0.4819007,0.68281955,0.8555132103917944,Male
CG9377,-0.3399229,0.6832303,0.8555132103917944,Male
bnb,0.123975754,0.68365,0.8555132103917944,Male
Drep3,-0.13433933,0.6839177,0.8555132103917944,Male
Iris,0.1266495,0.6839231,0.8555132103917944,Male
GILT2,0.30986977,0.6848439,0.8560548440004007,Male
hebe,-0.16395473,0.68786764,0.8591247819056721,Male
RpL37-2,-0.2723918,0.6882789,0.8591247819056721,Male
Idgf1,-0.2769971,0.6889895,0.8594005939887616,Male
Cyp4ac1,-0.1311127,0.68998194,0.8595881482330711,Male
CG9512,0.40370488,0.6908474,0.8595881482330711,Male
CG3036,-0.2914009,0.6909641,0.8595881482330711,Male
beat-IIb,-0.146945,0.6916792,0.8595881482330711,Male
Debcl,-0.23432255,0.69191575,0.8595881482330711,Male
rost,0.16568375,0.69248503,0.8595881482330711,Male
ome,-0.047929764,0.6925685,0.8595881482330711,Male
IP3K2,-0.063354015,0.6938641,0.8599443455859651,Male
Mtk,-0.7585218,0.6939078,0.8599443455859651,Male
lncRNA:CR44663,-0.12810302,0.69432545,0.8599443455859651,Male
NetB,-0.081869125,0.6951616,0.8603727397192349,Male
CG31288,0.07431841,0.697122,0.86219104769534,Male
for,-0.04798317,0.6981844,0.8628969004456426,Male
asRNA:CR44107,-0.24741459,0.70217067,0.8672129277357494,Male
CG10562,0.20123386,0.7029053,0.8674526428908444,Male
Nt5a,-0.09032202,0.7038022,0.8674526428908444,Male
CG9932,0.078517914,0.7038476,0.8674526428908444,Male
CG8046,-0.3636229,0.7073682,0.8706167604677646,Male
BaraC,0.20345783,0.7074642,0.8706167604677646,Male
ex,0.25656557,0.7079032,0.8706167604677646,Male
CG9777,-0.19396257,0.7090525,0.8711105784475595,Male
ppk26,-0.11994392,0.7092974,0.8711105784475595,Male
Nep1,0.109333515,0.7101525,0.8711906555730259,Male
Hf,-0.15206313,0.71035546,0.8711906555730259,Male
kirre,-0.11599445,0.71102774,0.8714061715749389,Male
CG6836,-0.18783283,0.71294534,0.8731466268045621,Male
CG3328,0.19298744,0.71401477,0.8738465462103382,Male
Sp7,-0.13157153,0.7156117,0.8751906338469077,Male
Ilp7,-0.16836882,0.716197,0.8752965050487466,Male
CG34330,-0.38659215,0.7171694,0.8755646813065021,Male
ms(3)76Ba,-0.24881124,0.71741426,0.8755646813065021,Male
Cyp6g2,-0.2859406,0.7187687,0.8766081215525104,Male
mbl,0.077088356,0.72125745,0.8786581279005465,Male
Adgf-D,-0.20331097,0.7214509,0.8786581279005465,Male
CG43897,-0.23165107,0.72212064,0.8788031026978806,Male
bumpel,-0.16419697,0.7226941,0.8788031026978806,Male
bero,-0.27694464,0.7234457,0.8788031026978806,Male
alka,-0.14262152,0.7235729,0.8788031026978806,Male
Wnt6,-0.21414495,0.7252603,0.8793497974087733,Male
CG10621,-0.12634861,0.72532153,0.8793497974087733,Male
otp,0.027501106,0.72570777,0.8793497974087733,Male
CG6125,-0.26135182,0.72602725,0.8793497974087733,Male
Cftr,0.046335936,0.726563,0.8793917530980604,Male
CG5888,-0.20261168,0.7275263,0.8799508723778859,Male
tj,-0.09452486,0.7286217,0.8801286333770647,Male
lncRNA:CR45170,-0.21328402,0.7286763,0.8801286333770647,Male
e,-0.15442705,0.7298614,0.8809537402209422,Male
CG2065,0.17616701,0.731519,0.8823476260470361,Male
Psf2,0.124637604,0.73297524,0.8834969656808036,Male
hoe1,0.13078213,0.7376541,0.8885263457393188,Male
CG10031,-0.2497561,0.7389926,0.8895281254018775,Male
NimB1,0.24195027,0.7411008,0.8914543083875942,Male
svp,-0.116505146,0.7430204,0.8931146160859429,Male
dve,0.08696461,0.7434988,0.8931146160859429,Male
Dif,-0.044937134,0.7449214,0.8942113790238115,Male
CG6770,0.07028961,0.7457206,0.8945589515336637,Male
Ilp6,-0.055003166,0.746598,0.8949996864860826,Male
CG2852,-0.14287949,0.7499886,0.8982183396572305,Male
CG13707,-0.16996288,0.7503066,0.8982183396572305,Male
dpr13,0.03661728,0.7511207,0.8982973852339492,Male
EndoU,-0.20005536,0.7513963,0.8982973852339492,Male
Acsx3,-0.12271762,0.75227445,0.8986851283482142,Male
CG12926,-0.103518486,0.7527448,0.8986851283482142,Male
CG42327,-0.053738594,0.7538621,0.8990702558303812,Male
vir-1,-0.1434536,0.7549617,0.8990702558303812,Male
Dtg,-0.11770129,0.7551809,0.8990702558303812,Male
frma,-0.081358194,0.75602484,0.8990702558303812,Male
CG6424,-0.19106054,0.7562976,0.8990702558303812,Male
BomS5,-0.23296487,0.75752574,0.8990702558303812,Male
LanA,-0.27701187,0.75786215,0.8990702558303812,Male
lbm,0.069367886,0.7578795,0.8990702558303812,Male
Hexo2,0.11230135,0.7584328,0.8990702558303812,Male
zfh1,-0.06465435,0.7584356,0.8990702558303812,Male
Pgant4,0.08239806,0.75919867,0.8990702558303812,Male
zfh2,0.057950974,0.7592149,0.8990702558303812,Male
CG2493,0.033112764,0.76125944,0.9008835157830412,Male
SLC22A,0.14736748,0.7620598,0.900944459486457,Male
Phyhd1,-0.14184523,0.76260114,0.900944459486457,Male
CG18622,-0.036028862,0.762851,0.900944459486457,Male
Pvf3,-0.09469414,0.76447,0.902249344580111,Male
Sph35,-0.0920496,0.76531684,0.9023839208885998,Male
trol,0.072133064,0.76561236,0.9023839208885998,Male
CG10359,-0.23022747,0.7664968,0.9028200699979027,Male
CG31248,-0.16442394,0.76753575,0.9034374705262826,Male
RhoGAP15B,-0.092133045,0.7683923,0.903621359312207,Male
CG43658,-0.07023525,0.76872176,0.903621359312207,Male
Cyp6t1,0.07701135,0.7697909,0.9042724445960927,Male
dac,-0.115905285,0.770481,0.9044776533758361,Male
NimB5,-0.13405097,0.7710086,0.9044920569435161,Male
D2hgdh,-0.08839512,0.7723043,0.9051659536934663,Male
CG5793,-0.10783768,0.7726146,0.9051659536934663,Male
Osi3,-0.06344366,0.7737236,0.9058604987960723,Male
CG3603,0.18466735,0.7766463,0.9082620050174883,Male
CG42445,-0.05007744,0.7768098,0.9082620050174883,Male
Mccc2,-0.047593832,0.77973306,0.9090761543901277,Male
kibra,0.04039097,0.77981126,0.9090761543901277,Male
CG34437,0.32591474,0.7800713,0.9090761543901277,Male
CG9812,-0.21462417,0.78060997,0.9090761543901277,Male
Khk,-0.10628307,0.78076845,0.9090761543901277,Male
pre-mod(mdg4)-B,-0.029798746,0.7809569,0.9090761543901277,Male
asRNA:CR44998,0.13844681,0.7811321,0.9090761543901277,Male
GluRIIA,0.09150696,0.78374356,0.9106593961987095,Male
ImpL1,0.12546039,0.7840229,0.9106593961987095,Male
witty,-0.09502411,0.7840492,0.9106593961987095,Male
CG9967,-0.10909605,0.7855943,0.9118394164635658,Male
mfas,0.087729454,0.7861043,0.9118394164635658,Male
CG7460,-0.13460869,0.7872813,0.9122177657125494,Male
CG45676,0.105137825,0.7878672,0.9122177657125494,Male
Tektin-C,0.044931173,0.7882912,0.9122177657125494,Male
Slc45-1,0.22103047,0.7885096,0.9122177657125494,Male
Ptr,0.16233301,0.79058164,0.9134992097553454,Male
lncRNA:CR43461,-0.091802835,0.7911668,0.9134992097553454,Male
pyd,0.04384041,0.7911788,0.9134992097553454,Male
CG6701,0.13609171,0.79258037,0.9144881420160562,Male
lncRNA:CR44526,0.042176485,0.79307747,0.9144881420160562,Male
Oatp58Dc,0.057296753,0.7936574,0.9145559910794895,Male
CNMaR,0.09108162,0.794574,0.915011428472564,Male
lncRNA:CR45242,0.18497443,0.7959824,0.91576068523202,Male
Tdc2,-0.16684532,0.7962683,0.91576068523202,Male
Csas,-0.07629061,0.8016715,0.9193485192735549,Male
Arlr,-0.21716976,0.8016963,0.9193485192735549,Male
CAH7,-0.12286043,0.80179495,0.9193485192735549,Male
beat-IIa,-0.037303925,0.8018768,0.9193485192735549,Male
Obp44a,0.20178509,0.80200714,0.9193485192735549,Male
CG7322,0.08937025,0.8029562,0.9198356608497879,Male
Crz,-0.44185925,0.80389714,0.9198926099348534,Male
snoRNA:2R:9445410,-0.11125183,0.80424476,0.9198926099348534,Male
CG8034,0.10162687,0.8045784,0.9198926099348534,Male
CG14495,0.17942977,0.80606145,0.9209881623586019,Male
Nepl5,-0.10773754,0.80748665,0.9214339436108177,Male
AstCC,-0.27799654,0.8075017,0.9214339436108177,Male
CG43902,-0.045080185,0.80942863,0.9218951206095879,Male
BomS2,-0.17080355,0.8094678,0.9218951206095879,Male
CG5167,0.061177492,0.8094817,0.9218951206095879,Male
Obp83cd,-0.26651013,0.8109322,0.9229481421246758,Male
CG3270,0.17126656,0.81224126,0.9234284712242956,Male
Jhbp2,0.120064735,0.8124066,0.9234284712242956,Male
CG17027,-0.12132788,0.81523895,0.926048145479369,Male
Msr-110,0.10682297,0.8159832,0.926293929520739,Male
CG12730,-0.11014795,0.81734884,0.92668132141271,Male
fit,0.2404486,0.8173804,0.92668132141271,Male
Cyp28c1,-0.12517667,0.8181603,0.926691658266129,Male
CG3663,-0.07421422,0.8184456,0.926691658266129,Male
CG10513,-0.11741066,0.81941754,0.92719391282338,Male
kairos,-0.053560257,0.8201791,0.9274576718045264,Male
CG10208,0.08094454,0.82223034,0.9287350530636663,Male
Glt,0.11503029,0.8223671,0.9287350530636663,Male
Agxt,0.04664719,0.8236191,0.9294367736934007,Male
Karl,-0.2496705,0.82445174,0.9294367736934007,Male
trn,0.09177017,0.8245773,0.9294367736934007,Male
CG15537,0.09786987,0.8268759,0.9314295483492459,Male
lncRNA:CR45939,-0.06996381,0.82799274,0.9315044696514423,Male
Ugt35B1,0.10228586,0.828004,0.9315044696514423,Male
retn,0.08283472,0.8291431,0.9320251230393726,Male
asRNA:CR45944,-0.15916014,0.8295289,0.9320251230393726,Male
Ugt35E2,-0.10753214,0.83323526,0.9349406442824443,Male
fat-spondin,0.091103554,0.8334099,0.9349406442824443,Male
Bckdha,-0.089224815,0.83502907,0.9349406442824443,Male
Mdh1,-0.081020355,0.8354455,0.9349406442824443,Male
CG16743,-0.1543274,0.8355164,0.9349406442824443,Male
CG30159,0.03567362,0.8359217,0.9349406442824443,Male
CCHa2,0.1347909,0.8359427,0.9349406442824443,Male
LManI,-0.114457965,0.83638567,0.9349406442824443,Male
axo,0.04116106,0.83730733,0.9353751529181255,Male
CG10444,-0.04834175,0.8391456,0.9365300337978782,Male
jtb,-0.101515055,0.8394084,0.9365300337978782,Male
CG5254,-0.10055351,0.8407749,0.9374586636108243,Male
CG6908,-0.06476426,0.8419846,0.9379681800818218,Male
heph,-0.03725338,0.84274846,0.9379681800818218,Male
CG1545,0.15202665,0.84346855,0.9379681800818218,Male
CG6126,-0.038025856,0.8439313,0.9379681800818218,Male
zormin,-0.059497595,0.84435666,0.9379681800818218,Male
CG30324,0.11548793,0.8457271,0.9379681800818218,Male
nrv2,-0.1104126,0.8457438,0.9379681800818218,Male
Rchy1,0.029585838,0.8460294,0.9379681800818218,Male
asRNA:CR45131,-0.062283516,0.8466184,0.9379681800818218,Male
Vmat,0.074840546,0.8470979,0.9379681800818218,Male
CG10177,-0.10448182,0.84711087,0.9379681800818218,Male
CG2736,-0.057373524,0.84775764,0.9380924951233449,Male
scf,0.056986332,0.85001856,0.9391277065961297,Male
oc,-0.06807804,0.85023105,0.9391277065961297,Male
CG30203,-0.10345769,0.8502985,0.9391277065961297,Male
GstD1,-0.09934139,0.85149324,0.9398557267099057,Male
cher,-0.057111263,0.85231316,0.9399964260142027,Male
Idgf3,-0.08624315,0.8529696,0.9399964260142027,Male
SLC5A11,-0.025666714,0.8532275,0.9399964260142027,Male
Elal,0.08283043,0.8540554,0.9403181853826851,Male
CG13012,-0.053644657,0.8587031,0.9443828993871397,Male
wry,0.029050827,0.8588234,0.9443828993871397,Male
CG5321,0.08059883,0.85985386,0.9445076609433667,Male
lncRNA:CR44855,0.095775604,0.86001325,0.9445076609433667,Male
Shark,-0.083111286,0.862487,0.9462959289550781,Male
naz,-0.123161316,0.86271995,0.9462959289550781,Male
BomS1,-0.2003715,0.8675046,0.9504309950696395,Male
CG17777,0.18755913,0.8675729,0.9504309950696395,Male
hpRNA:LINR-2,-0.029743671,0.8694236,0.9510940221071982,Male
Pvr,0.015006542,0.87083054,0.9510940221071982,Male
PGRP-SC2,0.122017145,0.87086874,0.9510940221071982,Male
Dyro,0.025916576,0.8710265,0.9510940221071982,Male
CG32280,-0.099609375,0.87281996,0.9510940221071982,Male
lncRNA:CR45018,-0.05278778,0.8728412,0.9510940221071982,Male
Gat,-0.09196854,0.87365973,0.9510940221071982,Male
CG10307,0.104165554,0.87396973,0.9510940221071982,Male
ssp7,-0.07008743,0.8744391,0.9510940221071982,Male
CG3091,-0.074546814,0.8748644,0.9510940221071982,Male
dths,-0.03244877,0.8749566,0.9510940221071982,Male
Sod3,0.078587055,0.87511253,0.9510940221071982,Male
CG9451,0.11909068,0.8752233,0.9510940221071982,Male
Lk,0.7979078,0.87627745,0.951650336237237,Male
Gba1b,-0.026284337,0.87831414,0.95283964180652,Male
GstE4,-0.07193184,0.8784726,0.95283964180652,Male
atilla,-0.091062546,0.87913543,0.95283964180652,Male
Obp56h,0.2873335,0.87954426,0.95283964180652,Male
Syx4,-0.051467657,0.88065445,0.9534537840742597,Male
Hmgcl,-0.042432547,0.8818735,0.9541849496185265,Male
asRNA:CR43889,-0.035368204,0.8835162,0.9553733350903034,Male
Cln3,0.10810614,0.8845209,0.9558707552003156,Male
Eaat1,0.05920887,0.8877333,0.9568810611146024,Male
GILT1,0.0805912,0.8878374,0.9568810611146024,Male
Spn43Ab,-0.07937956,0.8889947,0.9568810611146024,Male
CG42390,0.04390621,0.8899058,0.9568810611146024,Male
CG14968,0.0844574,0.8901315,0.9568810611146024,Male
CG13255,0.05289173,0.89024055,0.9568810611146024,Male
sktl,-0.029774189,0.8902447,0.9568810611146024,Male
Ppn,-0.13561964,0.89066005,0.9568810611146024,Male
Coop,-0.07594168,0.8911846,0.9568810611146024,Male
be,0.060312986,0.89127487,0.9568810611146024,Male
CG6357,-0.05395651,0.89202976,0.9568810611146024,Male
CG7997,0.08353615,0.8925572,0.9568810611146024,Male
CG7457,0.10366011,0.89355177,0.9568810611146024,Male
sev,-0.07573843,0.893669,0.9568810611146024,Male
GILT3,0.079251766,0.8943051,0.9568810611146024,Male
CG14752,-0.075419426,0.8946315,0.9568810611146024,Male
Hsp27,-0.04726982,0.89472467,0.9568810611146024,Male
superdeath,-0.075237274,0.89541465,0.9570357848898067,Male
CG8369,0.08547878,0.896986,0.9575548537234042,Male
Ptp99A,-0.018428802,0.8973383,0.9575548537234042,Male
CG15522,-0.05362606,0.8975372,0.9575548537234042,Male
Cyp4g15,-0.055264473,0.8981163,0.9575905782484052,Male
BomS4,0.03093481,0.90022236,0.9585734591357067,Male
CG1143,-0.042146564,0.90085924,0.9585734591357067,Male
CG4409,-0.113170624,0.90089834,0.9585734591357067,Male
CG31705,-0.057949543,0.90153515,0.9585734591357067,Male
lncRNA:CR46351,0.065137446,0.9020957,0.9585734591357067,Male
lncRNA:CR45673,-0.07638955,0.9023153,0.9585734591357067,Male
CG7408,-0.04400754,0.90362245,0.9591055596754081,Male
ced-6,0.043761253,0.90390915,0.9591055596754081,Male
FMRFa,-0.10363817,0.908513,0.9634080408563066,Male
Cngl,-0.022800446,0.9101891,0.964602557933273,Male
htl,-0.03212166,0.9109136,0.9647877612024743,Male
IM33,-0.06233573,0.91163146,0.9649657466874623,Male
how,-0.039658546,0.91450596,0.9674249595012056,Male
CG16758,-0.027441025,0.9154497,0.9678398408085467,Male
LManII,0.06250715,0.91821927,0.9701835361322245,Male
Treh,-0.02811718,0.919829,0.9712995949204648,Male
lncRNA:CR45566,-0.050000668,0.92183757,0.9728352081610794,Male
Apoltp,0.0050883293,0.9226903,0.9731498864980844,Male
CG16798,-0.06504917,0.9235741,0.9734970321884384,Male
Cyp6a2,-0.021625996,0.9247265,0.9737979621498651,Male
CG15201,-0.020827293,0.9258483,0.9737979621498651,Male
JhI-26,0.027529716,0.9260784,0.9737979621498651,Male
Cyp6a20,0.027082443,0.9260791,0.9737979621498651,Male
E(spl)m3-HLH,-0.038259506,0.9269636,0.9741444113725674,Male
CG6067,0.04877639,0.92815846,0.9748163320289124,Male
CG34195,0.03455448,0.92941856,0.9751779924998135,Male
CCHa1,0.03758049,0.9305546,0.9751779924998135,Male
Est17,-0.048155665,0.9309779,0.9751779924998135,Male
CG13360,0.081686616,0.9311723,0.9751779924998135,Male
Cyp12a4,-0.03984189,0.9312811,0.9751779924998135,Male
DIP-delta,0.0075321198,0.93258363,0.975234194693642,Male
Pka-C3,0.021458626,0.9329279,0.975234194693642,Male
Gcat,-0.026239157,0.9330018,0.975234194693642,Male
DIP-zeta,-0.027810574,0.9346517,0.9763772147042411,Male
CG7203,-0.15992498,0.93667597,0.9770211159155897,Male
CG18547,-0.044614077,0.93693495,0.9770211159155897,Male
SP1029,-0.011044502,0.9369382,0.9770211159155897,Male
CG15209,0.056563377,0.9412897,0.9809759506986713,Male
Cys,0.026735306,0.94248486,0.9816385240866098,Male
Traf4,-0.040801525,0.94536245,0.9836150418378108,Male
SoxN,-0.008004189,0.94562775,0.9836150418378108,Male
ltl,0.021351814,0.9466067,0.9836150418378108,Male
CG8112,-0.03367567,0.9466244,0.9836150418378108,Male
pnt,-0.015249252,0.9485379,0.9849243883816701,Male
dally,0.024594307,0.9494448,0.9849243883816701,Male
Dic61B,-0.03370762,0.9508407,0.9849243883816701,Male
Zasp52,-0.021956444,0.9511616,0.9849243883816701,Male
Octbeta2R,-0.012706757,0.95124024,0.9849243883816701,Male
Alp4,0.030919552,0.9516101,0.9849243883816701,Male
CG15728,-0.05854702,0.951813,0.9849243883816701,Male
lcs,0.018890843,0.95327747,0.9850903938208138,Male
Cyp6a13,-0.014634609,0.9533869,0.9850903938208138,Male
CG4914,0.035235047,0.9536573,0.9850903938208138,Male
SIFa,-0.04330921,0.95461786,0.9855025706571691,Male
wun2,-0.057645798,0.9553427,0.9856710551697531,Male
Hsp23,0.02457428,0.95622647,0.986003225754627,Male
lncRNA:CR44785,-0.02052927,0.958481,0.9873145734760124,Male
fon,0.01669097,0.95862335,0.9873145734760124,Male
BomBc2,-0.022939563,0.9596138,0.9877549515441716,Male
CG31777,0.03703928,0.9621382,0.9883585421838493,Male
HLH4C,0.02502203,0.96215165,0.9883585421838493,Male
hfw,0.010937214,0.9624095,0.9883585421838493,Male
CG5404,0.022458076,0.96246094,0.9883585421838493,Male
List,-0.02764988,0.9632098,0.9883585421838493,Male
CG34367,-0.014126539,0.96379375,0.9883585421838493,Male
P5CS,0.010558128,0.9641424,0.9883585421838493,Male
Mcm5,-0.021124363,0.96555376,0.9887372687928457,Male
Nrg,0.0034618378,0.9656386,0.9887372687928457,Male
lncRNA:CR44620,-0.023265183,0.9670705,0.9894357961374562,Male
asRNA:CR45873,-0.0152926445,0.96744835,0.9894357961374562,Male
Nepl15,0.0522027,0.96815085,0.9895775983273879,Male
Mtkl,-0.07120848,0.9687206,0.9895836649174186,Male
Rbp6,-0.010650635,0.9707003,0.9910291457606166,Male
lncRNA:CR45251,-0.021734238,0.9750438,0.99452251143957,Male
wisp,0.02151537,0.9752554,0.99452251143957,Male
lectin-28C,-0.026094437,0.97754693,0.9962803999029108,Male
CG31999,-0.0066375732,0.9787915,0.9969698506873912,Male
CG13229,0.0037527084,0.9800587,0.997681584546295,Male
Proc-R,0.010178089,0.98131794,0.9983843551856884,Male
nkt,-0.018618584,0.9820335,0.9984487594534818,Male
klu,0.0067424774,0.98317844,0.9984487594534818,Male
CG14245,-0.027154565,0.9836069,0.9984487594534818,Male
Gel,-0.004948139,0.9841367,0.9984487594534818,Male
lncRNA:Irar,-0.003415823,0.9852089,0.9984487594534818,Male
CG9360,0.013832569,0.9855522,0.9984487594534818,Male
CG31955,0.008782983,0.98567766,0.9984487594534818,Male
opa,-0.009874821,0.9865599,0.9984487594534818,Male
uncNacbeta,0.010209322,0.98678327,0.9984487594534818,Male
RhoL,0.0022892952,0.98895806,0.9984487594534818,Male
FASN3,0.0076167583,0.9891242,0.9984487594534818,Male
Fhos,0.0015978813,0.9899872,0.9984487594534818,Male
GrlHz,-0.0041115284,0.99031085,0.9984487594534818,Male
CG34386,0.013891697,0.99042803,0.9984487594534818,Male
Trissin,0.030205727,0.99072605,0.9984487594534818,Male
Mec2,0.012126446,0.99126476,0.9984487594534818,Male
CG7191,0.0042653084,0.99240005,0.9984487594534818,Male
CG7084,-0.0032372475,0.9934795,0.9984487594534818,Male
CG18343,-0.0009239912,0.9936885,0.9984487594534818,Male
fok,0.0013723373,0.99423116,0.9984487594534818,Male
CecC,0.016806602,0.99437803,0.9984487594534818,Male
CG17219,0.004337907,0.9945206,0.9984487594534818,Male
Oadh,-0.0025404692,0.99492526,0.9984487594534818,Male
CG31706,0.003417492,0.9957128,0.9984487594534818,Male
QC,0.0010740757,0.9958367,0.9984487594534818,Male
dlp,-0.0013227463,0.9964881,0.9984487594534818,Male
tei,0.0013599396,0.996742,0.9984487594534818,Male
CG33767,0.00099051,0.9977517,0.9988900166678552,Male
SP1173,-4.005432e-05,0.9996993,0.9998763299056268,Male
JhI-21,2.861023e-05,0.9998763,0.9998763299056268,Male
